rgl_link,rgl_link/_text,rgl_link/_title,rgl_link_numbers,rgi_image,rgi_image/_alt,ilmn_value,ilmn_value_numbers,meta_description,meta_description_prices
"/imgres?imgurl=http://shop.rspca.org.uk/media/catalog/product/cache/1/image/650x650/9df78eab33525d08d6e5fb8d27136e95/p/u/purrfect_birthday_10.jpg&imgrefurl=http://shop.rspca.org.uk/purrfect-birthday-cat-card.html&h=650&w=650&tbnid=URTOh2s1vLNJFM:&docid=ctUvFw4pKS57xM&ei=NvOhVq3GEcyZmQG7qYSgBg&tbm=isch","650 × 650 - shop.rspca.org.uk","","650; 650","https://encrypted-tbn2.gstatic.com/images?q=tbn:ANd9GcSEGI8lsCJoQd9L2We9vGO9TuCkBVzvpNDYjzS495-jnnK40_gX","Image result for birthday cat","650 × 650 - shop.rspca.org.uk","650; 650","{""cb"":9,""id"":""URTOh2s1vLNJFM:"",""isu"":""shop.rspca.org.uk"",""ity"":""jpg"",""oh"":650,""ow"":650,""pt"":""Have a Purrfect Birthday Cat Card | RSPCA Animalternative Birthday ..."",""rid"":""ctUvFw4pKS57xM"",""s"":""Purrfect Birthday Cat Card"",""th"":225,""tu"":""https://encrypted-tbn2.gstatic.com/images?q\u003dtbn:ANd9GcSEGI8lsCJoQd9L2We9vGO9TuCkBVzvpNDYjzS495-jnnK40_gX"",""tw"":225}",""
"/imgres?imgurl=http://klt1128.files.wordpress.com/2012/08/birthday_cat.jpg&imgrefurl=http://www.felinediabetes.com/FDMB/threads/celebrate-j-d-s-birthday.127766/&h=400&w=600&tbnid=PWFKpwoUbO8QPM:&docid=Qx_EZTTGxiN0nM&ei=NvOhVq3GEcyZmQG7qYSgBg&tbm=isch","600 × 400 - felinediabetes.com","","600; 400","https://encrypted-tbn2.gstatic.com/images?q=tbn:ANd9GcT3fZYcxapYNxRG4LkbbinToM-yfvX9pzCk3kO0t5Tk5DtY_bXW","Image result for birthday cat","600 × 400 - felinediabetes.com","600; 400","{""cr"":6,""id"":""PWFKpwoUbO8QPM:"",""isu"":""felinediabetes.com"",""ity"":""jpg"",""oh"":400,""ow"":600,""pt"":""Celebrate J.D.\u0026#39;s Birthday! | Feline Diabetes Message Board - FDMB"",""rid"":""Qx_EZTTGxiN0nM"",""s"":""heehee this cranky birthday kitty looks a bit like anya. we\u0026#39;re breaking out the sparkling cider and tuna at our house to bring to JD\u0026#39;s party!"",""th"":183,""tu"":""https://encrypted-tbn2.gstatic.com/images?q\u003dtbn:ANd9GcT3fZYcxapYNxRG4LkbbinToM-yfvX9pzCk3kO0t5Tk5DtY_bXW"",""tw"":275}",""
"/imgres?imgurl=https://s3-ak.buzzfed.com/static/enhanced/web05/2010/10/11/20/enhanced-buzz-6186-1286842336-79.jpg&imgrefurl=http://www.buzzfeed.com/kellym5/the-very-best-of-birthday-cats-lv0&h=375&w=500&tbnid=luWSyKOeJvyATM:&docid=0oS9lSnhxlCBoM&ei=NvOhVq3GEcyZmQG7qYSgBg&tbm=isch","500 × 375 - buzzfeed.com","","500; 375","https://encrypted-tbn2.gstatic.com/images?q=tbn:ANd9GcSEuglEv5cXFlwOz-WA_sqZPPsZOZQo5c31UHeX9BPkCkdBhbFj","Image result for birthday cat","500 × 375 - buzzfeed.com","500; 375","{""cl"":21,""cr"":9,""ct"":3,""id"":""luWSyKOeJvyATM:"",""isu"":""buzzfeed.com"",""ity"":""jpg"",""oh"":375,""ow"":500,""pt"":""The Very Best of Birthday Cats"",""rid"":""0oS9lSnhxlCBoM"",""s"":""Check out more articles on BuzzFeed.com!"",""th"":194,""tu"":""https://encrypted-tbn2.gstatic.com/images?q\u003dtbn:ANd9GcSEuglEv5cXFlwOz-WA_sqZPPsZOZQo5c31UHeX9BPkCkdBhbFj"",""tw"":259}",""
"/imgres?imgurl=http://whyareyoustupid.com/wp-content/uploads/happy-birthday-cat-meme1.jpg&imgrefurl=http://whyareyoustupid.com/birthday-cat-meme/happy-birthday-cat-meme1/&h=505&w=500&tbnid=EmM_RhKQMWYP0M:&docid=rbIeOEfhPfvIkM&ei=NvOhVq3GEcyZmQG7qYSgBg&tbm=isch","500 × 505 - whyareyoustupid.com","","500; 505","https://encrypted-tbn3.gstatic.com/images?q=tbn:ANd9GcTM_Z5GdEmPimS5DFHiOak4dRbTSIKZ4QqTzhSxnDg8yLsZyw5g5A","Image result for birthday cat","500 × 505 - whyareyoustupid.com","500; 505","{""id"":""EmM_RhKQMWYP0M:"",""isu"":""whyareyoustupid.com"",""ity"":""jpg"",""oh"":505,""ow"":500,""pt"":""happy birthday cat meme1 -"",""rid"":""rbIeOEfhPfvIkM"",""s"":""happy birthday cat meme1"",""sc"":1,""th"":226,""tu"":""https://encrypted-tbn3.gstatic.com/images?q\u003dtbn:ANd9GcTM_Z5GdEmPimS5DFHiOak4dRbTSIKZ4QqTzhSxnDg8yLsZyw5g5A"",""tw"":223}",""
"/imgres?imgurl=http://memesvault.com/wp-content/uploads/Happy-Birthday-Meme-Cat-27.jpg&imgrefurl=http://memesvault.com/happy-birthday-meme-cat/&h=295&w=500&tbnid=TBa12YRkoufeTM:&docid=7pujzkq9ew595M&ei=NvOhVq3GEcyZmQG7qYSgBg&tbm=isch","500 × 295 - memesvault.com","","500; 295","https://encrypted-tbn1.gstatic.com/images?q=tbn:ANd9GcQRNfE3D9OuqCWEM9IInrxayy-IYYwQVmJQ345MTZIFtZbdBSvd","Image result for birthday cat","500 × 295 - memesvault.com","500; 295","{""cl"":15,""id"":""TBa12YRkoufeTM:"",""isu"":""memesvault.com"",""ity"":""jpg"",""oh"":295,""ow"":500,""pt"":""Memes Vault Happy Birthday Meme with Cats"",""rid"":""7pujzkq9ew595M"",""s"":""Cute Birthday Meme Cat"",""th"":172,""tu"":""https://encrypted-tbn1.gstatic.com/images?q\u003dtbn:ANd9GcQRNfE3D9OuqCWEM9IInrxayy-IYYwQVmJQ345MTZIFtZbdBSvd"",""tw"":292}",""
"/imgres?imgurl=http://fc07.deviantart.net/fs71/f/2012/163/0/2/birthday_cat_by_vvlove-d539b2o.jpg&imgrefurl=http://sierrahascat.blogspot.com/2014/04/happy-birthday-to-cat-sierra-has-almost.html&h=800&w=600&tbnid=vuiboAR27qzOkM:&docid=N8b34j7suzxE9M&ei=NvOhVq3GEcyZmQG7qYSgBg&tbm=isch","600 × 800 - sierrahascat.blogspot.com","","600; 800","https://encrypted-tbn3.gstatic.com/images?q=tbn:ANd9GcT6fp2FMVsWMWluIJ011_0q5jtziDR5q1Pr66z5ke2llvVHKAPp","Image result for birthday cat","600 × 800 - sierrahascat.blogspot.com","600; 800","{""cb"":3,""cl"":15,""cr"":6,""ct"":6,""id"":""vuiboAR27qzOkM:"",""isu"":""sierrahascat.blogspot.com"",""ity"":""jpg"",""oh"":800,""ow"":600,""pt"":""sierra has Cat: Happy birthday to the Cat sierra has! (almost)"",""rid"":""N8b34j7suzxE9M"",""s"":""According to the Cat Calculator, that means she\u0026#39;s 45 in people years (aka ready for a midlife crisis). Her birthday is roughly a month before mine, ..."",""sc"":1,""th"":259,""tu"":""https://encrypted-tbn3.gstatic.com/images?q\u003dtbn:ANd9GcT6fp2FMVsWMWluIJ011_0q5jtziDR5q1Pr66z5ke2llvVHKAPp"",""tw"":194}",""
"/imgres?imgurl=http://photos.catchmyparty-cdn.com/contest/0000/0376/cat_birthday_card_1_standard.jpg&imgrefurl=http://www.edge-gamers.com/forums/archive/index.php/t-245182.html&h=640&w=493&tbnid=Jy1Rawpv5-eazM:&docid=LHENnxsch1-8rM&ei=NvOhVq3GEcyZmQG7qYSgBg&tbm=isch","493 × 640 - edge-gamers.com","","493; 640","https://encrypted-tbn1.gstatic.com/images?q=tbn:ANd9GcShVebXQt291IwUV2j8cDfBMwGW1qQgetwnrap4SqoGDgPIGfmWxw","Image result for birthday cat","493 × 640 - edge-gamers.com","493; 640","{""id"":""Jy1Rawpv5-eazM:"",""isu"":""edge-gamers.com"",""ity"":""jpg"",""oh"":640,""ow"":493,""pt"":""So, about Kazoo\u0026#39;s birthday.. [Archive] - EdgeGamers Organization"",""rid"":""LHENnxsch1-8rM"",""s"":"""",""sc"":1,""th"":256,""tu"":""https://encrypted-tbn1.gstatic.com/images?q\u003dtbn:ANd9GcShVebXQt291IwUV2j8cDfBMwGW1qQgetwnrap4SqoGDgPIGfmWxw"",""tw"":197}",""
"/imgres?imgurl=https://i.ytimg.com/vi/ekOqTVis968/maxresdefault.jpg&imgrefurl=https://www.youtube.com/watch?v%3DekOqTVis968&h=720&w=1280&tbnid=SNjkV_Ymzl-V9M:&docid=WWlQwAykOZQ9mM&ei=NvOhVq3GEcyZmQG7qYSgBg&tbm=isch","1280 × 720 - youtube.com","","1280; 720","https://encrypted-tbn0.gstatic.com/images?q=tbn:ANd9GcSqohuIm6PPEgp0x9UoAIMdQ87s28ukIaNkxgULRXn9kTKaxL7B7g","Image result for birthday cat","1280 × 720 - youtube.com","1280; 720","{""cl"":15,""cr"":3,""id"":""SNjkV_Ymzl-V9M:"",""isu"":""youtube.com"",""ity"":""jpg"",""oh"":720,""ow"":1280,""pt"":""Cat Celebrates Her Birthday in Style - YouTube"",""rid"":""WWlQwAykOZQ9mM"",""s"":""Cat Celebrates Her Birthday in Style"",""th"":168,""tu"":""https://encrypted-tbn0.gstatic.com/images?q\u003dtbn:ANd9GcSqohuIm6PPEgp0x9UoAIMdQ87s28ukIaNkxgULRXn9kTKaxL7B7g"",""tw"":300}",""
"/imgres?imgurl=http://30.media.tumblr.com/tumblr_kp29y2jeMQ1qzy14lo1_500.jpg&imgrefurl=http://bunnyfood.tumblr.com/post/9207163047/birthday-cat&h=375&w=500&tbnid=4B3I1Eqz-HSbDM:&docid=r_7mWDnq8TaAeM&ei=NvOhVq3GEcyZmQG7qYSgBg&tbm=isch","500 × 375 - bunnyfood.tumblr.com","","500; 375","https://encrypted-tbn0.gstatic.com/images?q=tbn:ANd9GcR0TKo6hMujid4K1VVAe6ohOBkIRtrxd1QdOekEmm3P01CeqILi3w","Image result for birthday cat","500 × 375 - bunnyfood.tumblr.com","500; 375","{""cl"":9,""id"":""4B3I1Eqz-HSbDM:"",""isu"":""bunnyfood.tumblr.com"",""ity"":""jpg"",""oh"":375,""ow"":500,""pt"":""Bunny Food, Birthday Cat"",""rid"":""r_7mWDnq8TaAeM"",""s"":""Birthday Cat"",""th"":194,""tu"":""https://encrypted-tbn0.gstatic.com/images?q\u003dtbn:ANd9GcR0TKo6hMujid4K1VVAe6ohOBkIRtrxd1QdOekEmm3P01CeqILi3w"",""tw"":259}",""
"/imgres?imgurl=https://s-media-cache-ak0.pinimg.com/236x/73/2a/bb/732abb5e79d57e3a180fc76141e79c68.jpg&imgrefurl=https://www.pinterest.com/likayuna/e1happy-birthday-cat-kawaii-1/&h=315&w=236&tbnid=q-wHsZlzM4kHpM:&docid=6Oqy3lodS_tK0M&ei=NvOhVq3GEcyZmQG7qYSgBg&tbm=isch","236 × 315 - pinterest.com","","236; 315","https://encrypted-tbn3.gstatic.com/images?q=tbn:ANd9GcRZcmhdXoLYdE8D2aBWb4WKSUbEkDw9XeZV-pIqaHtGy_wgnNaung","Image result for birthday cat","236 × 315 - pinterest.com","236; 315","{""cb"":6,""id"":""q-wHsZlzM4kHpM:"",""isu"":""pinterest.com"",""ity"":""jpg"",""oh"":315,""ow"":236,""pt"":""E...1Happy birthday cat kawaii 1(*^▽^)/★*☆♪ on Pinterest ..."",""rid"":""6Oqy3lodS_tK0M"",""s"":""Crazy Cats, Happy Bday, Cat Birthday, Happy Birthday Cat Lady, Funny Cats, Funny Cards, Cats Birthday Wishes, E 1Happy Birthday, Happybirthday"",""th"":252,""tu"":""https://encrypted-tbn3.gstatic.com/images?q\u003dtbn:ANd9GcRZcmhdXoLYdE8D2aBWb4WKSUbEkDw9XeZV-pIqaHtGy_wgnNaung"",""tw"":188}",""
"/imgres?imgurl=http://86failavenue.com/images/Happy-Birthday-Cat.jpg&imgrefurl=http://86failavenue.com/happy-birthday-cat/&h=640&w=640&tbnid=d_rANGrybcKx_M:&docid=uak2tRxo0idAUM&ei=NvOhVq3GEcyZmQG7qYSgBg&tbm=isch","640 × 640 - 86failavenue.com","","640; 640; -86","https://encrypted-tbn0.gstatic.com/images?q=tbn:ANd9GcTQ04cnezVe3r4diD2LFsSVuaiP8hfGiDldIId2LU2nFsi28g97","Image result for birthday cat","640 × 640 - 86failavenue.com","640; 640; -86","{""id"":""d_rANGrybcKx_M:"",""isu"":""86failavenue.com"",""ity"":""jpg"",""oh"":640,""ow"":640,""pt"":""Happy Birthday Cat \u2022 86FailAvenue"",""rid"":""uak2tRxo0idAUM"",""s"":""Happy Birthday Cat"",""th"":225,""tu"":""https://encrypted-tbn0.gstatic.com/images?q\u003dtbn:ANd9GcTQ04cnezVe3r4diD2LFsSVuaiP8hfGiDldIId2LU2nFsi28g97"",""tw"":225}",""
"/imgres?imgurl=http://memesvault.com/wp-content/uploads/Angry-Cat-Meme-Birthday-07.jpg&imgrefurl=http://memesvault.com/angry-cat-meme-birthday/&h=330&w=512&tbnid=yCyqcaQh4gwlcM:&docid=0KV8ILYdzQDWmM&ei=NvOhVq3GEcyZmQG7qYSgBg&tbm=isch","512 × 330 - memesvault.com","","512; 330","https://encrypted-tbn2.gstatic.com/images?q=tbn:ANd9GcTcYU4-6Zk0zCk0YHi033snV7ithPr404eXtJHGdKOMoVV5vVjsYA","Image result for birthday cat","512 × 330 - memesvault.com","512; 330","{""id"":""yCyqcaQh4gwlcM:"",""isu"":""memesvault.com"",""ity"":""jpg"",""oh"":330,""ow"":512,""pt"":""Memes Vault Angry Cat Memes Birthday"",""rid"":""0KV8ILYdzQDWmM"",""s"":""... Angry Cat Meme Birthday (07) ..."",""sc"":1,""th"":180,""tu"":""https://encrypted-tbn2.gstatic.com/images?q\u003dtbn:ANd9GcTcYU4-6Zk0zCk0YHi033snV7ithPr404eXtJHGdKOMoVV5vVjsYA"",""tw"":280}",""
"/imgres?imgurl=https://s-media-cache-ak0.pinimg.com/originals/db/c9/f7/dbc9f71df904597a31c7bff6cc5faa64.png&imgrefurl=https://www.pinterest.com/pin/44191640071256093/&h=309&w=350&tbnid=a4UM8mtT2OjVzM:&docid=FRObzZE7O-4lCM&ei=NvOhVq3GEcyZmQG7qYSgBg&tbm=isch","350 × 309 - pinterest.com","","350; 309","https://encrypted-tbn0.gstatic.com/images?q=tbn:ANd9GcTxVz2YR8BRZlkCoLfnpdC5GSRFH2MaGVmodjNhnXYdjRIXwWih","Image result for birthday cat","350 × 309 - pinterest.com","350; 309","{""cl"":9,""cr"":12,""ct"":6,""id"":""a4UM8mtT2OjVzM:"",""isu"":""pinterest.com"",""ity"":""png"",""oh"":309,""ow"":350,""pt"":""birthday cat | OUR PETS (group board) | Pinterest | Happy Birthday ..."",""rid"":""FRObzZE7O-4lCM"",""s"":""birthday cat"",""th"":211,""tu"":""https://encrypted-tbn0.gstatic.com/images?q\u003dtbn:ANd9GcTxVz2YR8BRZlkCoLfnpdC5GSRFH2MaGVmodjNhnXYdjRIXwWih"",""tw"":239}",""
"/imgres?imgurl=http://catzinc.org/Shows/HappyBirthdayCat.jpg&imgrefurl=http://catzinc.org/Shows/ShowCalendar.html&h=691&w=700&tbnid=A-KDh6nabd5FYM:&docid=WoF4aklNpq7MCM&ei=NvOhVq3GEcyZmQG7qYSgBg&tbm=isch","700 × 691 - catzinc.org","","700; 691","https://encrypted-tbn3.gstatic.com/images?q=tbn:ANd9GcSG2Ktj-zLzPp9i9UnpA5pnq_WPCyoqJgRJYYeIPbgosd4k9fMwVQ","Image result for birthday cat","700 × 691 - catzinc.org","700; 691","{""cl"":6,""id"":""A-KDh6nabd5FYM:"",""isu"":""catzinc.org"",""ity"":""jpg"",""oh"":691,""ow"":700,""pt"":""Catz Inc Show Calendar"",""rid"":""WoF4aklNpq7MCM"",""s"":""Show ..."",""th"":223,""tu"":""https://encrypted-tbn3.gstatic.com/images?q\u003dtbn:ANd9GcSG2Ktj-zLzPp9i9UnpA5pnq_WPCyoqJgRJYYeIPbgosd4k9fMwVQ"",""tw"":226}",""
"/imgres?imgurl=https://s-media-cache-ak0.pinimg.com/originals/12/3e/20/123e201a8502811435d254765749aa9c.gif&imgrefurl=https://www.pinterest.com/pin/347410558727185774/&h=333&w=500&tbnid=EbesvQGUm_QmaM:&docid=DSLLRHgz1llpDM&ei=NvOhVq3GEcyZmQG7qYSgBg&tbm=isch","500 × 333 - pinterest.com","","500; 333","https://encrypted-tbn0.gstatic.com/images?q=tbn:ANd9GcT6Z3sUmnPDakhNfUKGPw0uizTK5TY9L5ALk03mvA27VlM-AeeLCA","Image result for birthday cat","500 × 333 - pinterest.com","500; 333","{""cl"":3,""cr"":3,""ct"":3,""id"":""EbesvQGUm_QmaM:"",""isu"":""pinterest.com"",""ity"":""gif"",""oh"":333,""ow"":500,""pt"":""Cat Group Cats Singing Happy Birthday To You Emoticon Emoticons ..."",""rid"":""DSLLRHgz1llpDM"",""s"":""Cat Group Cats Singing Happy Birthday To You Emoticon Emoticons Animated Animation Animations Gif Photo:"",""sc"":1,""th"":183,""tu"":""https://encrypted-tbn0.gstatic.com/images?q\u003dtbn:ANd9GcT6Z3sUmnPDakhNfUKGPw0uizTK5TY9L5ALk03mvA27VlM-AeeLCA"",""tw"":275}",""
"/imgres?imgurl=https://i.ytimg.com/vi/ObekmohR0l0/maxresdefault.jpg&imgrefurl=https://www.youtube.com/watch?v%3DObekmohR0l0&h=720&w=1280&tbnid=lb-fs_gBnPJv_M:&docid=uUmestduYm6T-M&ei=NvOhVq3GEcyZmQG7qYSgBg&tbm=isch","1280 × 720 - youtube.com","","1280; 720","https://encrypted-tbn3.gstatic.com/images?q=tbn:ANd9GcSh9feNAXHM4U3BzhqRnWrZGJLUJW9_om2OR3SqAal13qSRF63j","Image result for birthday cat","1280 × 720 - youtube.com","1280; 720","{""cl"":6,""cr"":6,""id"":""lb-fs_gBnPJv_M:"",""isu"":""youtube.com"",""ity"":""jpg"",""oh"":720,""ow"":1280,""pt"":""My cat drunk in his birthday - YouTube"",""rid"":""uUmestduYm6T-M"",""s"":""My cat drunk in his birthday"",""th"":168,""tu"":""https://encrypted-tbn3.gstatic.com/images?q\u003dtbn:ANd9GcSh9feNAXHM4U3BzhqRnWrZGJLUJW9_om2OR3SqAal13qSRF63j"",""tw"":300}",""
"/imgres?imgurl=https://s-media-cache-ak0.pinimg.com/736x/86/e4/4a/86e44aba8bd8fd7f1b9cd2579a3ae147.jpg&imgrefurl=https://www.pinterest.com/kittyboty/catsbirthday-wishes/&h=699&w=500&tbnid=fY9Q6X7UwYGTMM:&docid=n_dWlMsBY3tgGM&ei=NvOhVq3GEcyZmQG7qYSgBg&tbm=isch","500 × 699 - pinterest.com","","500; 699","https://encrypted-tbn0.gstatic.com/images?q=tbn:ANd9GcQqv-5FYKyY8rv2fO5n_RNnEJ_5SOf9NWTyhUe8CDalPSnghP6q","Image result for birthday cat","500 × 699 - pinterest.com","500; 699","{""cb"":9,""id"":""fY9Q6X7UwYGTMM:"",""isu"":""pinterest.com"",""ity"":""jpg"",""oh"":699,""ow"":500,""pt"":""Cats/Birthday Wishes on Pinterest | Happy Birthday, Happy Birthday ..."",""rid"":""n_dWlMsBY3tgGM"",""s"":""Happy Birthday, Cat Birthday, Cats Birthday Wishes, Exotic Shorthair, Birthday Cats Funny, Animal"",""th"":266,""tu"":""https://encrypted-tbn0.gstatic.com/images?q\u003dtbn:ANd9GcQqv-5FYKyY8rv2fO5n_RNnEJ_5SOf9NWTyhUe8CDalPSnghP6q"",""tw"":190}",""
"/imgres?imgurl=https://s-media-cache-ak0.pinimg.com/236x/d4/df/6e/d4df6ea4ca734f32794dce2527adfe9c.jpg&imgrefurl=https://www.pinterest.com/explore/happy-birthday-cats/&h=349&w=236&tbnid=ofJpFRF4mW9B8M:&docid=HeUPvuAJuApLWM&ei=NvOhVq3GEcyZmQG7qYSgBg&tbm=isch","236 × 349 - pinterest.com","","236; 349","https://encrypted-tbn1.gstatic.com/images?q=tbn:ANd9GcTfwPCJHRnrNczXg07xsrrQPuGQj8HAsjuEx-rbh8phsuRqmdU8","Image result for birthday cat","236 × 349 - pinterest.com","236; 349","{""cb"":3,""cl"":3,""ct"":6,""id"":""ofJpFRF4mW9B8M:"",""isu"":""pinterest.com"",""ity"":""jpg"",""oh"":349,""ow"":236,""pt"":""Happy Birthday Cats on Pinterest | Birthday Cats, Happy Birthday ..."",""rid"":""HeUPvuAJuApLWM"",""s"":""birthday cat; Gary Patterson"",""th"":273,""tu"":""https://encrypted-tbn1.gstatic.com/images?q\u003dtbn:ANd9GcTfwPCJHRnrNczXg07xsrrQPuGQj8HAsjuEx-rbh8phsuRqmdU8"",""tw"":185}",""
"/imgres?imgurl=https://media3.giphy.com/media/SRO0ZwmImic0/200_s.gif&imgrefurl=http://giphy.com/search/happy-birthday-cat&h=200&w=150&tbnid=eSVwodTv9xorcM:&docid=0v-sm4gKuEVPKM&ei=NvOhVq3GEcyZmQG7qYSgBg&tbm=isch","150 × 200 - giphy.com","","150; 200","https://encrypted-tbn0.gstatic.com/images?q=tbn:ANd9GcQAA-YVUw3qTeoxTig0Vux_PoToh5w9gRreHqdf_Yf_ikq1EA3J","Image result for birthday cat","150 × 200 - giphy.com","150; 200","{""id"":""eSVwodTv9xorcM:"",""isu"":""giphy.com"",""ity"":""gif"",""oh"":200,""ow"":150,""pt"":""Happy Birthday Cat GIFs - Find \u0026amp; Share on GIPHY"",""rid"":""0v-sm4gKuEVPKM"",""s"":""cat birthday happy birthday"",""th"":160,""tu"":""https://encrypted-tbn0.gstatic.com/images?q\u003dtbn:ANd9GcQAA-YVUw3qTeoxTig0Vux_PoToh5w9gRreHqdf_Yf_ikq1EA3J"",""tw"":120}",""
"/imgres?imgurl=https://s-media-cache-ak0.pinimg.com/736x/dc/ed/0e/dced0ed3602cceee9b8237200af92218.jpg&imgrefurl=https://www.pinterest.com/pin/392587292490352820/&h=413&w=413&tbnid=CmheeNaiva8-HM:&docid=QBCEoP0B31Pn4M&ei=NvOhVq3GEcyZmQG7qYSgBg&tbm=isch","413 × 413 - pinterest.com","","413; 413","https://encrypted-tbn2.gstatic.com/images?q=tbn:ANd9GcRr8U-mo62w6NOQOrqakA4CERVC9WrKOoBBSgbbY4ZK2D-b777t","Image result for birthday cat","413 × 413 - pinterest.com","413; 413","{""id"":""CmheeNaiva8-HM:"",""isu"":""pinterest.com"",""ity"":""jpg"",""oh"":413,""ow"":413,""pt"":""happy birthday cat | Happy Birthday | Pinterest | Happy Birthday ..."",""rid"":""QBCEoP0B31Pn4M"",""s"":""Cake, Happy Birthday, Animals, Birthday Funnies, Birthdays, Google Search, Funny Animal, Birthday Funny, Birthday Cats"",""sc"":1,""th"":225,""tu"":""https://encrypted-tbn2.gstatic.com/images?q\u003dtbn:ANd9GcRr8U-mo62w6NOQOrqakA4CERVC9WrKOoBBSgbbY4ZK2D-b777t"",""tw"":225}",""
"/imgres?imgurl=http://www.pics4world.com/vb/imgcache/2/9853showing.gif&imgrefurl=http://www.pics4world.com/vb/showthread.php?t%3D1826&h=674&w=900&tbnid=r8RR_fgO9wDwNM:&docid=l98FzuenMYZFMM&ei=NvOhVq3GEcyZmQG7qYSgBg&tbm=isch","900 × 674 - pics4world.com","","900; 674","https://encrypted-tbn1.gstatic.com/images?q=tbn:ANd9GcRRonYTiBVlC84dCqM88gc8Ej8ckOB9h2Nk7FTjTjUMdoYfMmTWQw","Image result for birthday cat","900 × 674 - pics4world.com","900; 674","{""cb"":6,""cr"":6,""ct"":12,""id"":""r8RR_fgO9wDwNM:"",""isu"":""pics4world.com"",""ity"":""gif"",""oh"":674,""ow"":900,""pt"":""happy birthday cat cake"",""rid"":""l98FzuenMYZFMM"",""s"":""We renew happy birthday cat cake slides to make you always find the best here , these images were posted 08-04-2014, 09:42 AM and may be updated soon"",""th"":194,""tu"":""https://encrypted-tbn1.gstatic.com/images?q\u003dtbn:ANd9GcRRonYTiBVlC84dCqM88gc8Ej8ckOB9h2Nk7FTjTjUMdoYfMmTWQw"",""tw"":260}",""
"/imgres?imgurl=http://i.huffpost.com/gen/2427934/images/o-KITTY-BIRTHDAY-PARTY-facebook.jpg&imgrefurl=http://www.huffingtonpost.com/2014/12/24/cat-celebrates-birthday-in-style_n_6377332.html&h=1000&w=2000&tbnid=N6u257bFLrAYOM:&docid=0y9saTXVCEWD1M&ei=NvOhVq3GEcyZmQG7qYSgBg&tbm=isch","2000 × 1000 - huffingtonpost.com","","2000; 1000","https://encrypted-tbn2.gstatic.com/images?q=tbn:ANd9GcQq0V3Av9aOYNe55GrZAvKqBI20ODtgBCtQC_p5u9bGvJsTae60Iw","Image result for birthday cat","2000 × 1000 - huffingtonpost.com","2000; 1000","{""cl"":12,""id"":""N6u257bFLrAYOM:"",""isu"":""huffingtonpost.com"",""ity"":""jpg"",""oh"":1000,""ow"":2000,""pt"":""Human Throws Her Cat A Snazzy Birthday Bash, Feline Is Not Impressed"",""rid"":""0y9saTXVCEWD1M"",""s"":"""",""th"":159,""tu"":""https://encrypted-tbn2.gstatic.com/images?q\u003dtbn:ANd9GcQq0V3Av9aOYNe55GrZAvKqBI20ODtgBCtQC_p5u9bGvJsTae60Iw"",""tw"":318}",""
"/imgres?imgurl=http://40.media.tumblr.com/6212997f79dc92557c432e7b2c1b6fb8/tumblr_mtnkky9LmJ1r4bme3o1_1280.jpg&imgrefurl=http://waffles-the-cat.tumblr.com/post/63497101697/old-pic-from-my-second-birthday&h=653&w=982&tbnid=XJ2FYJydlMPQoM:&docid=YcQESGf2_wv8cM&ei=NvOhVq3GEcyZmQG7qYSgBg&tbm=isch","982 × 653 - waffles-the-cat.tumblr.com","","982; 653","https://encrypted-tbn1.gstatic.com/images?q=tbn:ANd9GcSjuL4FbQ8ANiQ55aA9Uq1YmKMyLoxzlI3t3rxl_so_neMRexUaUw","Image result for birthday cat","982 × 653 - waffles-the-cat.tumblr.com","982; 653","{""cr"":3,""id"":""XJ2FYJydlMPQoM:"",""isu"":""waffles-the-cat.tumblr.com"",""ity"":""jpg"",""oh"":653,""ow"":982,""pt"":""Waffles the Cat, old pic from my second birthday!"",""rid"":""YcQESGf2_wv8cM"",""s"":"""",""th"":183,""tu"":""https://encrypted-tbn1.gstatic.com/images?q\u003dtbn:ANd9GcSjuL4FbQ8ANiQ55aA9Uq1YmKMyLoxzlI3t3rxl_so_neMRexUaUw"",""tw"":275}",""
"/imgres?imgurl=http://memesvault.com/wp-content/uploads/Cute-Birthday-Meme-Cat-1.jpg&imgrefurl=http://memesvault.com/cute-birthday-meme-cat/&h=395&w=236&tbnid=K6I1HSEJIDsejM:&docid=mR_GsZuGknJXWM&ei=NvOhVq3GEcyZmQG7qYSgBg&tbm=isch","236 × 395 - memesvault.com","","236; 395","https://encrypted-tbn1.gstatic.com/images?q=tbn:ANd9GcT77mTNTVVoMhqWA8a4pBU7QDoQxTDDSenB1xIloLaKAxE8CuDj","Image result for birthday cat","236 × 395 - memesvault.com","236; 395","{""id"":""K6I1HSEJIDsejM:"",""isu"":""memesvault.com"",""ity"":""jpg"",""oh"":395,""ow"":236,""pt"":""Memes Vault Cute Birthday Memes with Cats"",""rid"":""mR_GsZuGknJXWM"",""s"":""... Cute Birthday Meme Cat (1) ..."",""th"":291,""tu"":""https://encrypted-tbn1.gstatic.com/images?q\u003dtbn:ANd9GcT77mTNTVVoMhqWA8a4pBU7QDoQxTDDSenB1xIloLaKAxE8CuDj"",""tw"":173}",""
"/imgres?imgurl=http://images.memes.com/meme/101728&imgrefurl=http://www.memes.com/img/101728&h=571&w=450&tbnid=2-Y0dzyiazG5AM:&docid=-HKQSKb4MNP_EM&ei=NvOhVq3GEcyZmQG7qYSgBg&tbm=isch","450 × 571 - memes.com","","450; 571","https://encrypted-tbn0.gstatic.com/images?q=tbn:ANd9GcSnWh7KO-PNMHY5nsA1Gc6PpmsTY0KCtgWNvxmDvKwz0VdrMbvc","Image result for birthday cat","450 × 571 - memes.com","450; 571","{""id"":""2-Y0dzyiazG5AM:"",""isu"":""memes.com"",""ity"":"""",""oh"":571,""ow"":450,""pt"":""Angry birthday cat | Memes.com"",""rid"":""-HKQSKb4MNP_EM"",""s"":""Angry birthday cat"",""th"":253,""tu"":""https://encrypted-tbn0.gstatic.com/images?q\u003dtbn:ANd9GcSnWh7KO-PNMHY5nsA1Gc6PpmsTY0KCtgWNvxmDvKwz0VdrMbvc"",""tw"":199}",""
"/imgres?imgurl=https://i.ytimg.com/vi/PXLysBMvSXs/hqdefault.jpg&imgrefurl=https://www.youtube.com/watch?v%3DPXLysBMvSXs&h=360&w=480&tbnid=vqYaA7ZJ2RrK9M:&docid=PoY5WQwIxr7MaM&ei=NvOhVq3GEcyZmQG7qYSgBg&tbm=isch","480 × 360 - youtube.com","","480; 360","https://encrypted-tbn2.gstatic.com/images?q=tbn:ANd9GcTh35T1EzfNAXDTmdkRlsCBLNYIZROEcVJjNeW3jKdEhFbdJO6IVQ","Image result for birthday cat","480 × 360 - youtube.com","480; 360","{""cl"":3,""cr"":3,""id"":""vqYaA7ZJ2RrK9M:"",""isu"":""youtube.com"",""ity"":""jpg"",""oh"":360,""ow"":480,""pt"":""Happy Birthday, Techno Cat Style! - YouTube"",""rid"":""PoY5WQwIxr7MaM"",""s"":""Happy Birthday, Techno Cat Style!"",""th"":194,""tu"":""https://encrypted-tbn2.gstatic.com/images?q\u003dtbn:ANd9GcTh35T1EzfNAXDTmdkRlsCBLNYIZROEcVJjNeW3jKdEhFbdJO6IVQ"",""tw"":259}",""
"/imgres?imgurl=http://rlv.zcache.com/the_singing_cat_birthday_card-redaab00b4c784c0d9d49f3790b07669d_xvuat_8byvr_1024.jpg&imgrefurl=http://www.zazzle.com/happy%2Bbirthday%2Bcat%2Bgifts&h=1104&w=1104&tbnid=e7B34OZLyjMhKM:&docid=Izv2z5B7-HW8-M&ei=NvOhVq3GEcyZmQG7qYSgBg&tbm=isch","1104 × 1104 - zazzle.com","","1104; 1104","https://encrypted-tbn3.gstatic.com/images?q=tbn:ANd9GcRaAPJICwEhcDZyNKGBmkSpwfgsVnh04MAQHi-uakW9EfRmhuBH","Image result for birthday cat","1104 × 1104 - zazzle.com","1104; 1104","{""ct"":3,""id"":""e7B34OZLyjMhKM:"",""isu"":""zazzle.com"",""ity"":""jpg"",""oh"":1104,""ow"":1104,""pt"":""Happy Birthday Cat Gifts - Happy Birthday Cat Gift Ideas on Zazzle"",""rid"":""Izv2z5B7-HW8-M"",""s"":""The Singing Cat Birthday Card"",""sc"":1,""th"":225,""tu"":""https://encrypted-tbn3.gstatic.com/images?q\u003dtbn:ANd9GcRaAPJICwEhcDZyNKGBmkSpwfgsVnh04MAQHi-uakW9EfRmhuBH"",""tw"":225}",""
"/imgres?imgurl=https://lh5.googleusercontent.com/-q8WgFLLmyt0/U_rQzobcHLI/AAAAAAAAB3o/gLe1jLzsFUg/w728-h1092-no/IMG_0642x.jpg&imgrefurl=http://localadventurer.com/happy-birthday-to-us-a-cat-birthday/&h=1092&w=728&tbnid=HTyMpAKoOwqpOM:&docid=s5OJXmG10GSKHM&ei=NvOhVq3GEcyZmQG7qYSgBg&tbm=isch","728 × 1092 - localadventurer.com","","728; 1092","https://encrypted-tbn0.gstatic.com/images?q=tbn:ANd9GcRMBTq71mqLNR_r2YDwdgVmqdEs0ximlTM0RocXztxqtl-q823j","Image result for birthday cat","728 × 1092 - localadventurer.com","728; 1092","{""cb"":12,""id"":""HTyMpAKoOwqpOM:"",""isu"":""localadventurer.com"",""ity"":""jpg"",""oh"":1092,""ow"":728,""pt"":""Happy Birthday to Us - A Cat Birthday Celebration!"",""rid"":""s5OJXmG10GSKHM"",""s"":""A Cat Birthday Celebration - A Cat in a Birthday Hat."",""th"":275,""tu"":""https://encrypted-tbn0.gstatic.com/images?q\u003dtbn:ANd9GcRMBTq71mqLNR_r2YDwdgVmqdEs0ximlTM0RocXztxqtl-q823j"",""tw"":183}",""
"/imgres?imgurl=http://i395.photobucket.com/albums/pp38/turnnburn12/10d80310.jpg&imgrefurl=http://www.datehookup.com/Thread-369539.htm&h=480&w=640&tbnid=tFD30H-0Sgd3MM:&docid=8dP9v2xinST8KM&ei=NvOhVq3GEcyZmQG7qYSgBg&tbm=isch","640 × 480 - datehookup.com","","640; 480","https://encrypted-tbn3.gstatic.com/images?q=tbn:ANd9GcQvq-RivP8FpFjhMLQjFr03_Uc1BWyxisKsWdPFjHeK3O2-pWsueA","Image result for birthday cat","640 × 480 - datehookup.com","640; 480","{""id"":""tFD30H-0Sgd3MM:"",""isu"":""datehookup.com"",""ity"":""jpg"",""oh"":480,""ow"":640,""pt"":""November 10th a Very Happy Birthday to Catsmeow53"",""rid"":""8dP9v2xinST8KM"",""s"":""Cats, hope your Birthday is a special day for you."",""th"":194,""tu"":""https://encrypted-tbn3.gstatic.com/images?q\u003dtbn:ANd9GcQvq-RivP8FpFjhMLQjFr03_Uc1BWyxisKsWdPFjHeK3O2-pWsueA"",""tw"":259}","0"
"/imgres?imgurl=http://i254.photobucket.com/albums/hh87/CircusRingmaster/Birthday%252520-%252520Forum%252520Members/HappyBirthdayCatLetters.jpg&imgrefurl=http://phenomi.net/bengalchatter/viewtopic.php?p%3D113502&h=392&w=600&tbnid=boH4h2Bh45YU8M:&docid=x8ciYxfQZ1yUKM&ei=NvOhVq3GEcyZmQG7qYSgBg&tbm=isch","600 × 392 - phenomi.net","","600; 392","https://encrypted-tbn0.gstatic.com/images?q=tbn:ANd9GcQqtWy4JthvTEfKR_tmwP-oO8fU4C2vxnXg0ONdcNWxQCI9xfkXQw","Image result for birthday cat","600 × 392 - phenomi.net","600; 392","{""cr"":3,""id"":""boH4h2Bh45YU8M:"",""isu"":""phenomi.net"",""ity"":""jpg"",""oh"":392,""ow"":600,""pt"":""Bengal Chatter :: The Cat\u0026#39;s Meow in Bengal Cat Forums"",""rid"":""x8ciYxfQZ1yUKM"",""s"":""HAPPY BIRTHDAY, ZEB!!! (Cam\u0026#39;s)"",""th"":181,""tu"":""https://encrypted-tbn0.gstatic.com/images?q\u003dtbn:ANd9GcQqtWy4JthvTEfKR_tmwP-oO8fU4C2vxnXg0ONdcNWxQCI9xfkXQw"",""tw"":278}",""
"/imgres?imgurl=https://s-media-cache-ak0.pinimg.com/236x/29/ca/7e/29ca7eb25671627e2be23cfa95c93d6a.jpg&imgrefurl=https://www.pinterest.com/luisapedroso/nookies-b-day/&h=315&w=236&tbnid=o00KIlhjGafpqM:&docid=8VjIabe6S3HE-M&ei=NvOhVq3GEcyZmQG7qYSgBg&tbm=isch","236 × 315 - pinterest.com","","236; 315","https://encrypted-tbn2.gstatic.com/images?q=tbn:ANd9GcS4rIyhqsZhjNt9ZhmpfJlDk4Duj9CNl2mhjbXC923nWweQ2nV5EQ","Image result for birthday cat","236 × 315 - pinterest.com","236; 315","{""cb"":9,""cl"":3,""cr"":15,""ct"":21,""id"":""o00KIlhjGafpqM:"",""isu"":""pinterest.com"",""ity"":""jpg"",""oh"":315,""ow"":236,""pt"":""Nookie\u0026#39;s B-day on Pinterest | Cat Birthday, Happy Birthday Cats ..."",""rid"":""8VjIabe6S3HE-M"",""s"":""happy birthday cat"",""th"":252,""tu"":""https://encrypted-tbn2.gstatic.com/images?q\u003dtbn:ANd9GcS4rIyhqsZhjNt9ZhmpfJlDk4Duj9CNl2mhjbXC923nWweQ2nV5EQ"",""tw"":188}",""
"/imgres?imgurl=http://3.bp.blogspot.com/_YMOXQUoxk08/TMYy0oQI4sI/AAAAAAAAC9Y/uZloFoDAzG4/s1600/cat_birthday_cake.jpg&imgrefurl=http://www.catsparella.com/2010/10/planning-your-dream-cat-birthday-party.html&h=462&w=639&tbnid=LjL96yhLl01t3M:&docid=8NuC61GpLi0MtM&ei=NvOhVq3GEcyZmQG7qYSgBg&tbm=isch","639 × 462 - catsparella.com","","639; 462","https://encrypted-tbn1.gstatic.com/images?q=tbn:ANd9GcSZeZKXqLEt7J4KwR2zRcbwG0FGEjqaoxZ8E_WGDkU5vok2kwbh","Image result for birthday cat","639 × 462 - catsparella.com","639; 462","{""id"":""LjL96yhLl01t3M:"",""isu"":""catsparella.com"",""ity"":""jpg"",""oh"":462,""ow"":639,""pt"":""Catsparella: Planning Your Dream Cat Birthday Party"",""rid"":""8NuC61GpLi0MtM"",""s"":""Happy Birthday..to me!"",""th"":191,""tu"":""https://encrypted-tbn1.gstatic.com/images?q\u003dtbn:ANd9GcSZeZKXqLEt7J4KwR2zRcbwG0FGEjqaoxZ8E_WGDkU5vok2kwbh"",""tw"":264}",""
"/imgres?imgurl=https://i.ytimg.com/vi/orOx0PYWl5o/maxresdefault.jpg&imgrefurl=https://www.youtube.com/watch?v%3DorOx0PYWl5o&h=1296&w=2304&tbnid=N6-1_2Maur5a9M:&docid=zwkDzJj4nFfJaM&ei=NvOhVq3GEcyZmQG7qYSgBg&tbm=isch","2304 × 1296 - youtube.com","","2304; 1296","https://encrypted-tbn1.gstatic.com/images?q=tbn:ANd9GcR4Ke7Z3U32Oz5FM3-axnAsRjTjhgS5Pez66DpYFFyyC02isAPZ","Image result for birthday cat","2304 × 1296 - youtube.com","2304; 1296","{""id"":""N6-1_2Maur5a9M:"",""isu"":""youtube.com"",""ity"":""jpg"",""oh"":1296,""ow"":2304,""pt"":""Cat Birthday with a funny end - YouTube"",""rid"":""zwkDzJj4nFfJaM"",""s"":""Cat Birthday with a funny end"",""th"":168,""tu"":""https://encrypted-tbn1.gstatic.com/images?q\u003dtbn:ANd9GcR4Ke7Z3U32Oz5FM3-axnAsRjTjhgS5Pez66DpYFFyyC02isAPZ"",""tw"":300}",""
"/imgres?imgurl=http://previews.123rf.com/images/websubstance/websubstance0904/websubstance090400001/4694004-Cat-Happy-Birthday-party-Stock-Photo.jpg&imgrefurl=http://www.123rf.com/photo_4694004_cat-happy-birthday-party.html&h=1300&w=952&tbnid=M3YwZYuJwX1I5M:&docid=qIehq9oVWKSKnM&ei=NvOhVq3GEcyZmQG7qYSgBg&tbm=isch","952 × 1300 - 123rf.com","","952; 1300; -123","https://encrypted-tbn0.gstatic.com/images?q=tbn:ANd9GcTKsKDncvBKmlVI2tjyz59iGOa-HXav2SQ1Mxkc2aU2KIG_ZzuGxA","Image result for birthday cat","952 × 1300 - 123rf.com","952; 1300; -123","{""id"":""M3YwZYuJwX1I5M:"",""isu"":""123rf.com"",""ity"":""jpg"",""oh"":1300,""ow"":952,""pt"":""Cat Happy Birthday Party Stock Photo, Picture And Royalty Free ..."",""rid"":""qIehq9oVWKSKnM"",""s"":""Cat Happy Birthday party"",""sc"":1,""th"":262,""tu"":""https://encrypted-tbn0.gstatic.com/images?q\u003dtbn:ANd9GcTKsKDncvBKmlVI2tjyz59iGOa-HXav2SQ1Mxkc2aU2KIG_ZzuGxA"",""tw"":192}",""
"/imgres?imgurl=http://rsmg.pbsrc.com/albums/v738/LadyFire/Happy%252520Birthday%252520Gifs/GarfieldEatingCake.gif~c200&imgrefurl=http://photobucket.com/images/happy%2520birthday%2520cat&h=200&w=200&tbnid=UtiUSp2Xf-4l6M:&docid=puruJYpZ5DEnpM&ei=NvOhVq3GEcyZmQG7qYSgBg&tbm=isch","200 × 200 - photobucket.com","","200; 200","https://encrypted-tbn0.gstatic.com/images?q=tbn:ANd9GcSkkGFMu4J-m2FZNxo5s2p7mce9_Y-8IFVaDdKFnUm3x5XrNOB7","Image result for birthday cat","200 × 200 - photobucket.com","200; 200","{""id"":""UtiUSp2Xf-4l6M:"",""isu"":""photobucket.com"",""ity"":""gif~c200"",""oh"":200,""ow"":200,""pt"":""Happy Birthday Cat Pictures, Images \u0026amp; Photos | Photobucket"",""rid"":""puruJYpZ5DEnpM"",""s"":""happy birthday cat photo: happy birthday 51 cat GarfieldEatingCake.gif"",""sc"":1,""th"":160,""tu"":""https://encrypted-tbn0.gstatic.com/images?q\u003dtbn:ANd9GcSkkGFMu4J-m2FZNxo5s2p7mce9_Y-8IFVaDdKFnUm3x5XrNOB7"",""tw"":160}",""
"/imgres?imgurl=http://41.media.tumblr.com/60604c7b693b0054fb55e489808c8cee/tumblr_nkpj47MbsS1rrt74to1_500.jpg&imgrefurl=http://birthdaycritters.tumblr.com/page/5&h=700&w=467&tbnid=o0503DAMVjOwrM:&docid=l9rLGRtQSsUMVM&ei=NvOhVq3GEcyZmQG7qYSgBg&tbm=isch","467 × 700 - birthdaycritters.tumblr.com","","467; 700","https://encrypted-tbn0.gstatic.com/images?q=tbn:ANd9GcQm2d8hPJoaEVBRV6lPfdbDoae186qW1L4_kjAcj6tc3SXh8SrAEw","Image result for birthday cat","467 × 700 - birthdaycritters.tumblr.com","467; 700","{""cb"":3,""id"":""o0503DAMVjOwrM:"",""isu"":""birthdaycritters.tumblr.com"",""ity"":""jpg"",""oh"":700,""ow"":467,""pt"":""tumblr_nkpj47MbsS1rrt74to1_500.jpg"",""rid"":""l9rLGRtQSsUMVM"",""s"":""r ..."",""th"":275,""tu"":""https://encrypted-tbn0.gstatic.com/images?q\u003dtbn:ANd9GcQm2d8hPJoaEVBRV6lPfdbDoae186qW1L4_kjAcj6tc3SXh8SrAEw"",""tw"":183}",""
"/imgres?imgurl=http://www.thecatsite.com/content/type/61/id/22902/width/496/height/700&imgrefurl=http://www.thecatsite.com/t/239069/happy-birthday-coolcat&h=700&w=496&tbnid=Zx1gcMggC-7FoM:&docid=CNieR7XEecRbnM&ei=NvOhVq3GEcyZmQG7qYSgBg&tbm=isch","496 × 700 - thecatsite.com","","496; 700","https://encrypted-tbn0.gstatic.com/images?q=tbn:ANd9GcQgZMTo8FUoWs-djNn3O1VuRIhpBfhPyfm-BGmb-AnJZl7kvAACQw","Image result for birthday cat","496 × 700 - thecatsite.com","496; 700","{""cb"":9,""id"":""Zx1gcMggC-7FoM:"",""isu"":""thecatsite.com"",""ity"":"""",""oh"":700,""ow"":496,""pt"":""Happy Birthday CoolCat!!!!!"",""rid"":""CNieR7XEecRbnM"",""s"":""700"",""th"":267,""tu"":""https://encrypted-tbn0.gstatic.com/images?q\u003dtbn:ANd9GcQgZMTo8FUoWs-djNn3O1VuRIhpBfhPyfm-BGmb-AnJZl7kvAACQw"",""tw"":189}",""
"/imgres?imgurl=http://www.whatsappstatuscf.com/wp-content/uploads/2015/12/Happy-Birthday-Cat-Whatsapp-Dp.jpg&imgrefurl=http://www.whatsappstatuscf.com/crack-wid-jack-happy-birthday-cakes-images-with-cats-whatsapp-dp.html&h=608&w=615&tbnid=THhOXHSc2OyvVM:&docid=ziYqfSvOtJ56CM&ei=NvOhVq3GEcyZmQG7qYSgBg&tbm=isch","615 × 608 - whatsappstatuscf.com","","615; 608","https://encrypted-tbn2.gstatic.com/images?q=tbn:ANd9GcTDWGRvmPw_rbC6Ff-I5ZVceFHMFJAfy1iyzx8eIe1nn0KAIKUW","Image result for birthday cat","615 × 608 - whatsappstatuscf.com","615; 608","{""id"":""THhOXHSc2OyvVM:"",""isu"":""whatsappstatuscf.com"",""ity"":""jpg"",""oh"":608,""ow"":615,""pt"":""Crack Wid Jack*} Happy Birthday Cakes Images With Cats Whatsapp Dp ..."",""rid"":""ziYqfSvOtJ56CM"",""s"":""Happy Birthday Cakes With Cat Dp"",""sc"":1,""th"":223,""tu"":""https://encrypted-tbn2.gstatic.com/images?q\u003dtbn:ANd9GcTDWGRvmPw_rbC6Ff-I5ZVceFHMFJAfy1iyzx8eIe1nn0KAIKUW"",""tw"":226}",""
"/imgres?imgurl=http://www.birthdaynights.com/wp-content/uploads/2015/09/Happy-Birthday-Cat-3.jpg&imgrefurl=http://www.birthdaynights.com/happy-birthday-cat-wishes-quotes-and-hd-wallpapers/&h=767&w=621&tbnid=glu16dP6HC_5ZM:&docid=jBCR5FG0BkVLBM&ei=NvOhVq3GEcyZmQG7qYSgBg&tbm=isch","621 × 767 - birthdaynights.com","","621; 767","https://encrypted-tbn1.gstatic.com/images?q=tbn:ANd9GcRb0Gze-EtwilDM3r0LzWg9HTaxcb7zPne5K8U25fFMVETdgJqc9g","Image result for birthday cat","621 × 767 - birthdaynights.com","621; 767","{""cb"":9,""id"":""glu16dP6HC_5ZM:"",""isu"":""birthdaynights.com"",""ity"":""jpg"",""oh"":767,""ow"":621,""pt"":""Happy Birthday Cat Wishes, Quotes \u0026amp; HD Wallpapers"",""rid"":""jBCR5FG0BkVLBM"",""s"":"""",""th"":250,""tu"":""https://encrypted-tbn1.gstatic.com/images?q\u003dtbn:ANd9GcRb0Gze-EtwilDM3r0LzWg9HTaxcb7zPne5K8U25fFMVETdgJqc9g"",""tw"":202}",""
"/imgres?imgurl=https://s-media-cache-ak0.pinimg.com/736x/5b/8a/df/5b8adf655607e1232a78b90fc906c726.jpg&imgrefurl=https://www.pinterest.com/kittyflix/cat-birthdays/&h=669&w=500&tbnid=Cwnj5e6bLxEoZM:&docid=_nSFz-y-jXsbfM&ei=NvOhVq3GEcyZmQG7qYSgBg&tbm=isch","500 × 669 - pinterest.com","","500; 669","https://encrypted-tbn3.gstatic.com/images?q=tbn:ANd9GcQth6UINwcrS_3BtYVGfoN-KvDJ4eO6f0ykRI8ikfhsREzrVNjE","Image result for birthday cat","500 × 669 - pinterest.com","500; 669","{""id"":""Cwnj5e6bLxEoZM:"",""isu"":""pinterest.com"",""ity"":""jpg"",""oh"":669,""ow"":500,""pt"":""Cat Birthdays on Pinterest | Cat Birthday Parties, Cat Birthday ..."",""rid"":""_nSFz-y-jXsbfM"",""s"":""Birthday Card, Bday Rach, Birthday Funnies, Happy Birthday Cats, Funny Cats, Birthday Greetings, Cat Birthdays, Birthday Funny, Funny Happy Birthdays"",""th"":260,""tu"":""https://encrypted-tbn3.gstatic.com/images?q\u003dtbn:ANd9GcQth6UINwcrS_3BtYVGfoN-KvDJ4eO6f0ykRI8ikfhsREzrVNjE"",""tw"":194}",""
"/imgres?imgurl=http://rs755.pbsrc.com/albums/xx195/skez520mia/HAPPY%252520BIRTHDAY/1gremlinZer0-.jpg~c200&imgrefurl=http://photobucket.com/images/happy%2520birthday%2520cat&h=200&w=200&tbnid=6adwKfGRJORN-M:&docid=puruJYpZ5DEnpM&ei=NvOhVq3GEcyZmQG7qYSgBg&tbm=isch","200 × 200 - photobucket.com","","200; 200","https://encrypted-tbn0.gstatic.com/images?q=tbn:ANd9GcQcaFu6neuJKD7N1X34oRC0C3zIGC4xGdaR11wiMy-SjjBA7Fzz","Image result for birthday cat","200 × 200 - photobucket.com","200; 200","{""id"":""6adwKfGRJORN-M:"",""isu"":""photobucket.com"",""ity"":""jpg~c200"",""oh"":200,""ow"":200,""pt"":""Happy Birthday Cat Pictures, Images \u0026amp; Photos | Photobucket"",""rid"":""puruJYpZ5DEnpM"",""s"":""happy birthday cat photo: HAPPY BELATED BIRTHDAY! 1gremlinZer0-.jpg"",""th"":160,""tu"":""https://encrypted-tbn0.gstatic.com/images?q\u003dtbn:ANd9GcQcaFu6neuJKD7N1X34oRC0C3zIGC4xGdaR11wiMy-SjjBA7Fzz"",""tw"":160}",""
"/imgres?imgurl=https://mtvcollections.files.wordpress.com/2011/08/birthday-cat.jpg&imgrefurl=https://mtvcollections.wordpress.com/2011/08/17/happy-1st-birthday-to-us-our-gif-to-you-5-favorite-posts-as-animations/birthday-cat/&h=400&w=576&tbnid=qowlgmMuhdRo9M:&docid=MXaxEzRWDPq5yM&ei=NvOhVq3GEcyZmQG7qYSgBg&tbm=isch","576 × 400 - mtvcollections.wordpress.com","","576; 400","https://encrypted-tbn1.gstatic.com/images?q=tbn:ANd9GcTNvLB1A1HqsFAW5py00moYVZb0fkNmYVfn5im62YdeHoTxw4Uv","Image result for birthday cat","576 × 400 - mtvcollections.wordpress.com","576; 400","{""ct"":21,""id"":""qowlgmMuhdRo9M:"",""isu"":""mtvcollections.wordpress.com"",""ity"":""jpg"",""oh"":400,""ow"":576,""pt"":""birthday-cat | mtvcollections"",""rid"":""MXaxEzRWDPq5yM"",""s"":""Happy 1st Birthday To Us! Our GIF To You: 5 Favorite Posts As Animations. · Posted on 2011/08/17 · Leave a Comment · 576 × 400 \u0026middot; birthday-cat"",""th"":187,""tu"":""https://encrypted-tbn1.gstatic.com/images?q\u003dtbn:ANd9GcTNvLB1A1HqsFAW5py00moYVZb0fkNmYVfn5im62YdeHoTxw4Uv"",""tw"":270}",""
"/imgres?imgurl=http://kittentoob.toobnetwork.com/wp-content/uploads/sites/4/2013/03/Birthday_Cat_3.jpg&imgrefurl=http://kittentoob.com/cat-galleries/a-gallery-of-cats-and-kittens-celebrating-birthdays/&h=863&w=620&tbnid=8J3M0tiWiwRu3M:&docid=WIwqOsQHtG0D3M&ei=NvOhVq3GEcyZmQG7qYSgBg&tbm=isch","620 × 863 - kittentoob.com","","620; 863","https://encrypted-tbn0.gstatic.com/images?q=tbn:ANd9GcTz9o8StObOBW_RBBA7y-FIpZwZEhHJpbOJKdvZmMn3plEys0ds","Image result for birthday cat","620 × 863 - kittentoob.com","620; 863","{""id"":""8J3M0tiWiwRu3M:"",""isu"":""kittentoob.com"",""ity"":""jpg"",""oh"":863,""ow"":620,""pt"":""Birthday_Cat_3.jpg"",""rid"":""WIwqOsQHtG0D3M"",""s"":""Birthday Cat 3"",""th"":265,""tu"":""https://encrypted-tbn0.gstatic.com/images?q\u003dtbn:ANd9GcTz9o8StObOBW_RBBA7y-FIpZwZEhHJpbOJKdvZmMn3plEys0ds"",""tw"":190}",""
"/imgres?imgurl=https://s-media-cache-ak0.pinimg.com/736x/d3/af/4a/d3af4a0ee7bb322f57dd952ca9eedd1a.jpg&imgrefurl=https://www.pinterest.com/explore/happy-birthday-cats/&h=394&w=280&tbnid=8EZ2Rm7lpilPzM:&docid=HeUPvuAJuApLWM&itg=1&ei=NvOhVq3GEcyZmQG7qYSgBg&tbm=isch","280 × 394 - pinterest.com","","280; 394","https://encrypted-tbn2.gstatic.com/images?q=tbn:ANd9GcS7AwaahBarLcX2e3UleM-UO0SerjojVcLB8uPch7prDGbhgq0W","Image result for birthday cat","280 × 394 - pinterest.com","280; 394","{""cl"":3,""cr"":3,""ct"":3,""id"":""8EZ2Rm7lpilPzM:"",""isu"":""pinterest.com"",""ity"":""jpg"",""oh"":394,""ow"":280,""pt"":""Happy Birthday Cats on Pinterest | Birthday Cats, Happy Birthday ..."",""rid"":""HeUPvuAJuApLWM"",""s"":""Happy Birthday With Cats, Cat Birthday, Happy Birthday Cats, Cat Happy Birthday, Birthday Wish, Birthday Greeting, Amusing Drawing"",""sc"":1,""th"":266,""tu"":""https://encrypted-tbn2.gstatic.com/images?q\u003dtbn:ANd9GcS7AwaahBarLcX2e3UleM-UO0SerjojVcLB8uPch7prDGbhgq0W"",""tw"":189}",""
"/imgres?imgurl=http://cdn.powerball4life.co/2015/10/27/its-my-birthday-weddingbee.JPG&imgrefurl=http://www.powerball4life.co/e78b64db6fc6c77c.html&h=440&w=590&tbnid=BCXSeIJ1TpQbvM:&docid=63GIR_YBnWwJWM&ei=NvOhVq3GEcyZmQG7qYSgBg&tbm=isch","590 × 440 - powerball4life.co","","590; 440","https://encrypted-tbn2.gstatic.com/images?q=tbn:ANd9GcQ-08tjlOfz2-YITYzHFuarx5I2CU5BFwwxjeYbdeJXN5Vb2YWg3A","Image result for birthday cat","590 × 440 - powerball4life.co","590; 440","{""cr"":3,""id"":""BCXSeIJ1TpQbvM:"",""isu"":""powerball4life.co"",""ity"":""jpg"",""oh"":440,""ow"":590,""pt"":""Its My Birthday Weddingbee - PowerballForLife"",""rid"":""63GIR_YBnWwJWM"",""s"":""Its My Birthday Weddingbee"",""th"":194,""tu"":""https://encrypted-tbn2.gstatic.com/images?q\u003dtbn:ANd9GcQ-08tjlOfz2-YITYzHFuarx5I2CU5BFwwxjeYbdeJXN5Vb2YWg3A"",""tw"":260}",""
"/imgres?imgurl=http://tonsofcats.com/wp-content/uploads/2013/09/birthday_cat-550x412.jpg&imgrefurl=http://tonsofcats.com/its-my-cats-birthday/&h=412&w=550&tbnid=-rRoYndy10Yz4M:&docid=XR-yqMZJeSpR1M&ei=NvOhVq3GEcyZmQG7qYSgBg&tbm=isch","550 × 412 - tonsofcats.com","","550; 412","https://encrypted-tbn0.gstatic.com/images?q=tbn:ANd9GcQ48ICi0K0UGvdLvwsJokgCBa072Kaq_egYP2DWk5tL1aDcmHwI","Image result for birthday cat","550 × 412 - tonsofcats.com","550; 412","{""id"":""-rRoYndy10Yz4M:"",""isu"":""tonsofcats.com"",""ity"":""jpg"",""oh"":412,""ow"":550,""pt"":""15 Cute Cats Who Are Enjoying Their Birthdays - Tons Of Cats"",""rid"":""XR-yqMZJeSpR1M"",""s"":""Previous Page1 of 5Next Page"",""th"":194,""tu"":""https://encrypted-tbn0.gstatic.com/images?q\u003dtbn:ANd9GcQ48ICi0K0UGvdLvwsJokgCBa072Kaq_egYP2DWk5tL1aDcmHwI"",""tw"":259}",""
"/imgres?imgurl=https://s-media-cache-ak0.pinimg.com/236x/5f/f2/29/5ff229a5af7ebcfd13ba7a3b66634235.jpg&imgrefurl=https://www.pinterest.com/ladydinahs/happy-cats/&h=349&w=236&tbnid=NMKo3LownaC6jM:&docid=cDKauXq6Do-fvM&ei=NvOhVq3GEcyZmQG7qYSgBg&tbm=isch","236 × 349 - pinterest.com","","236; 349","https://encrypted-tbn0.gstatic.com/images?q=tbn:ANd9GcT5eH0WiDCDzj4m7Q3lvjxEf7CSnXO-voWm_zKmEK9MAPaCK-eFLw","Image result for birthday cat","236 × 349 - pinterest.com","236; 349","{""id"":""NMKo3LownaC6jM:"",""isu"":""pinterest.com"",""ity"":""jpg"",""oh"":349,""ow"":236,""pt"":""Happy cats on Pinterest | Kitty, Happy Birthday Cats and Happy"",""rid"":""cDKauXq6Do-fvM"",""s"":""Happy birthday cat"",""th"":273,""tu"":""https://encrypted-tbn0.gstatic.com/images?q\u003dtbn:ANd9GcT5eH0WiDCDzj4m7Q3lvjxEf7CSnXO-voWm_zKmEK9MAPaCK-eFLw"",""tw"":185}",""
"/imgres?imgurl=http://www.teneues.com/shop-us/images/product_images/popup_images/60848_C.jpg&imgrefurl=http://www.teneues.com/shop-us/Stationery/GreenGift-Notes/Birthday-Cats.html&h=600&w=600&tbnid=e3t3-l_T_jqsaM:&docid=QyXs7v8RfIgtUM&ei=NvOhVq3GEcyZmQG7qYSgBg&tbm=isch","600 × 600 - teneues.com","","600; 600","https://encrypted-tbn3.gstatic.com/images?q=tbn:ANd9GcQIU7IWK39ciFQVFpVhl9dAgRl5M2sPje6A44pzDdWKaUeKBKIKCQ","Image result for birthday cat","600 × 600 - teneues.com","600; 600","{""id"":""e3t3-l_T_jqsaM:"",""isu"":""teneues.com"",""ity"":""jpg"",""oh"":600,""ow"":600,""pt"":""Gemma Correll - Birthday Cats by teNeues.com"",""rid"":""QyXs7v8RfIgtUM"",""s"":""Birthday Cats"",""sc"":1,""th"":225,""tu"":""https://encrypted-tbn3.gstatic.com/images?q\u003dtbn:ANd9GcQIU7IWK39ciFQVFpVhl9dAgRl5M2sPje6A44pzDdWKaUeKBKIKCQ"",""tw"":225}",""
"/imgres?imgurl=http://ct.iscute.com/ol/ic/sw/i60/2/6/20/ic_fed4f48a9f36ac43821601cd275756b1.jpg&imgrefurl=http://www.iscute.com/75g&h=455&w=600&tbnid=5v7XE1lQQbMoDM:&docid=Aijl3IhbhJjqNM&ei=NvOhVq3GEcyZmQG7qYSgBg&tbm=isch","600 × 455 - iscute.com","","600; 455","https://encrypted-tbn3.gstatic.com/images?q=tbn:ANd9GcRpcvcuGAixbg2pM6-bE1c-nGNaJVqujFK0Vh-uyM-upqTZEpreGg","Image result for birthday cat","600 × 455 - iscute.com","600; 455","{""id"":""5v7XE1lQQbMoDM:"",""isu"":""iscute.com"",""ity"":""jpg"",""oh"":455,""ow"":600,""pt"":""Sad Birthday Cat @ isCute.com"",""rid"":""Aijl3IhbhJjqNM"",""s"":""Sad Birthday Cat"",""sc"":1,""th"":195,""tu"":""https://encrypted-tbn3.gstatic.com/images?q\u003dtbn:ANd9GcRpcvcuGAixbg2pM6-bE1c-nGNaJVqujFK0Vh-uyM-upqTZEpreGg"",""tw"":258}",""
"/imgres?imgurl=http://24.media.tumblr.com/tumblr_lvqom1E96A1qaeawvo1_500.png&imgrefurl=http://z15.invisionfree.com/wake_of_humanity/ar/t10175.htm&h=331&w=500&tbnid=kE2w0CPZrmGsJM:&docid=bdMSromTDVv6tM&ei=NvOhVq3GEcyZmQG7qYSgBg&tbm=isch","500 × 331 - z15.invisionfree.com","","500; 331","https://encrypted-tbn0.gstatic.com/images?q=tbn:ANd9GcS67lvaHq1axEmeE2IUUOf3LLSuljdfP8qpOklOphoK6DEjMajg","Image result for birthday cat","500 × 331 - z15.invisionfree.com","500; 331","{""id"":""kE2w0CPZrmGsJM:"",""isu"":""z15.invisionfree.com"",""ity"":""png"",""oh"":331,""ow"":500,""pt"":""Happy Birthday Pancake (In the Wake Of Humanity)"",""rid"":""bdMSromTDVv6tM"",""s"":""Cat pictures are obviously how I show my love."",""th"":183,""tu"":""https://encrypted-tbn0.gstatic.com/images?q\u003dtbn:ANd9GcS67lvaHq1axEmeE2IUUOf3LLSuljdfP8qpOklOphoK6DEjMajg"",""tw"":276}",""
"/imgres?imgurl=http://www.lovethispic.com/uploaded_images/160944-Happy-Birthday-Cat.jpg&imgrefurl=http://www.lovethispic.com/image/160944/happy-birthday-cat&h=466&w=337&tbnid=T2fEYQFgE36YGM:&docid=xiZy92PyzA4aLM&ei=NvOhVq3GEcyZmQG7qYSgBg&tbm=isch","337 × 466 - lovethispic.com","","337; 466","https://encrypted-tbn0.gstatic.com/images?q=tbn:ANd9GcQzTmnptmvfNuQQ8v8h2BfQufvZscVNCEOPLncd1U-__2oGZUz6ew","Image result for birthday cat","337 × 466 - lovethispic.com","337; 466","{""cb"":6,""cl"":9,""cr"":15,""ct"":9,""id"":""T2fEYQFgE36YGM:"",""isu"":""lovethispic.com"",""ity"":""jpg"",""oh"":466,""ow"":337,""pt"":""Happy Birthday Cat Pictures, Photos, and Images for Facebook ..."",""rid"":""xiZy92PyzA4aLM"",""s"":""Happy Birthday Cat"",""th"":264,""tu"":""https://encrypted-tbn0.gstatic.com/images?q\u003dtbn:ANd9GcQzTmnptmvfNuQQ8v8h2BfQufvZscVNCEOPLncd1U-__2oGZUz6ew"",""tw"":191}",""
"/imgres?imgurl=http://funnypicture.org/wallpaper/2015/05/funny-birthday-cat-14-high-resolution-wallpaper.jpg&imgrefurl=http://funnypicture.org/funny-birthday-cat-14-high-resolution-wallpaper.html&h=1072&w=1500&tbnid=ZEw8QRhUgNTBjM:&docid=yK89c4xp09irbM&ei=NvOhVq3GEcyZmQG7qYSgBg&tbm=isch","1500 × 1072 - funnypicture.org","","1500; 1072","https://encrypted-tbn0.gstatic.com/images?q=tbn:ANd9GcTCXHVaWQhJn2CzH0vkyCFYH9A2k3mU-dpsVrc041GW3WYzYZIy7w","Image result for birthday cat","1500 × 1072 - funnypicture.org","1500; 1072","{""cl"":12,""cr"":9,""id"":""ZEw8QRhUgNTBjM:"",""isu"":""funnypicture.org"",""ity"":""jpg"",""oh"":1072,""ow"":1500,""pt"":""Funny Birthday Cat 14 High Resolution Wallpaper - Funnypicture.org"",""rid"":""yK89c4xp09irbM"",""s"":""Funny Birthday Cat 14 High Resolution Wallpaper"",""th"":190,""tu"":""https://encrypted-tbn0.gstatic.com/images?q\u003dtbn:ANd9GcTCXHVaWQhJn2CzH0vkyCFYH9A2k3mU-dpsVrc041GW3WYzYZIy7w"",""tw"":266}",""
"/imgres?imgurl=http://shop.rspca.org.uk/media/catalog/product/cache/1/image/650x650/9df78eab33525d08d6e5fb8d27136e95/h/a/happy_birthday_cat_2_9.jpg&imgrefurl=http://shop.rspca.org.uk/happy-birthday-cat-card.html&h=650&w=650&tbnid=Kfh89RSwV94XYM:&docid=9cgL0npyN-SyjM&ei=NvOhVq3GEcyZmQG7qYSgBg&tbm=isch","650 × 650 - shop.rspca.org.uk","","650; 650","https://encrypted-tbn0.gstatic.com/images?q=tbn:ANd9GcRVqnesYzGUAI5g9Cz5qz06k-EU8zvAiE_MOyB-1zsvc00hHMxb","Image result for birthday cat","650 × 650 - shop.rspca.org.uk","650; 650","{""cr"":6,""id"":""Kfh89RSwV94XYM:"",""isu"":""shop.rspca.org.uk"",""ity"":""jpg"",""oh"":650,""ow"":650,""pt"":""Cat in Basket Happy Birthday Card | RSPCA Animalternative Birthday ..."",""rid"":""9cgL0npyN-SyjM"",""s"":""Happy Birthday Cat Card"",""th"":225,""tu"":""https://encrypted-tbn0.gstatic.com/images?q\u003dtbn:ANd9GcRVqnesYzGUAI5g9Cz5qz06k-EU8zvAiE_MOyB-1zsvc00hHMxb"",""tw"":225}",""
"/imgres?imgurl=https://s-media-cache-ak0.pinimg.com/236x/39/5f/a9/395fa9b3917ea3963cb7eef64567c458.jpg&imgrefurl=https://www.pinterest.com/explore/happy-birthday-vintage/&h=265&w=236&tbnid=kEmCZjzr2br2fM:&docid=C_cY6a68phEasM&ei=NvOhVq3GEcyZmQG7qYSgBg&tbm=isch","236 × 265 - pinterest.com","","236; 265","https://encrypted-tbn2.gstatic.com/images?q=tbn:ANd9GcRuexZOAYYvUVY8kw1zez8smTb4GLV789JxZC_Dl_8LTVt4v2h9","Image result for birthday cat","236 × 265 - pinterest.com","236; 265","{""cl"":6,""cr"":6,""id"":""kEmCZjzr2br2fM:"",""isu"":""pinterest.com"",""ity"":""jpg"",""oh"":265,""ow"":236,""pt"":""Happy Birthday Vintage on Pinterest | Vintage Happy Birthdays ..."",""rid"":""C_cY6a68phEasM"",""s"":""Cats, Happy Birthday, Kitten, Birthday Cat, Birthdays, Harry Whittier, Vintage Cat, Animal"",""th"":212,""tu"":""https://encrypted-tbn2.gstatic.com/images?q\u003dtbn:ANd9GcRuexZOAYYvUVY8kw1zez8smTb4GLV789JxZC_Dl_8LTVt4v2h9"",""tw"":188}",""
"/imgres?imgurl=https://s-media-cache-ak0.pinimg.com/236x/ea/1f/d6/ea1fd62a51374e21ea2da6e29200a955.jpg&imgrefurl=https://www.pinterest.com/pin/122230577360458674/&h=369&w=236&tbnid=uMDwqUoLS71I3M:&docid=AAWJgiH3QwXqdM&ei=NvOhVq3GEcyZmQG7qYSgBg&tbm=isch","236 × 369 - pinterest.com","","236; 369","https://encrypted-tbn0.gstatic.com/images?q=tbn:ANd9GcRPqZInzccM0t984gV6_EXgd9bBcvJcjwjI_x_yHHY4LaVbj2lDMA","Image result for birthday cat","236 × 369 - pinterest.com","236; 369","{""cb"":3,""id"":""uMDwqUoLS71I3M:"",""isu"":""pinterest.com"",""ity"":""jpg"",""oh"":369,""ow"":236,""pt"":""Happy cat birthday | Happy Birthday | Pinterest | Cat Birthday ..."",""rid"":""AAWJgiH3QwXqdM"",""s"":""Happy Birthday cat"",""th"":281,""tu"":""https://encrypted-tbn0.gstatic.com/images?q\u003dtbn:ANd9GcRPqZInzccM0t984gV6_EXgd9bBcvJcjwjI_x_yHHY4LaVbj2lDMA"",""tw"":179}",""
"/imgres?imgurl=https://s-media-cache-ak0.pinimg.com/736x/5f/7c/ea/5f7ceaefb4edc6e62ddd07f110aad8de.jpg&imgrefurl=https://www.pinterest.com/pin/3940718395039445/&h=360&w=480&tbnid=Pbh9inY1vYWKgM:&docid=KbjQUIeVAEZ_OM&ei=NvOhVq3GEcyZmQG7qYSgBg&tbm=isch","480 × 360 - pinterest.com","","480; 360","https://encrypted-tbn1.gstatic.com/images?q=tbn:ANd9GcSLdHewUYu3PTRRYeqLBkuznvqRnX8IG_FvgBwDHwh1cQJjbMMg","Image result for birthday cat","480 × 360 - pinterest.com","480; 360","{""cb"":9,""ct"":3,""id"":""Pbh9inY1vYWKgM:"",""isu"":""pinterest.com"",""ity"":""jpg"",""oh"":360,""ow"":480,""pt"":""Cat singing Happy Birthday song | Happy Birthday | Pinterest ..."",""rid"":""KbjQUIeVAEZ_OM"",""s"":""Cute Cats Sing \u0026quot;Happy Birthday\u0026quot;"",""th"":194,""tu"":""https://encrypted-tbn1.gstatic.com/images?q\u003dtbn:ANd9GcSLdHewUYu3PTRRYeqLBkuznvqRnX8IG_FvgBwDHwh1cQJjbMMg"",""tw"":259}",""
"/imgres?imgurl=http://2happybirthday.com/wp-content/uploads/2015/12/cat-happy-birthday-wish-meme.jpg&imgrefurl=http://2happybirthday.com/cat-happy-birthday-meme/&h=308&w=448&tbnid=elJMlhUfk_OxKM:&docid=IGCeeNdTdMUcjM&ei=NvOhVq3GEcyZmQG7qYSgBg&tbm=isch","448 × 308 - 2happybirthday.com","","448; 308; -2","https://encrypted-tbn0.gstatic.com/images?q=tbn:ANd9GcQ-QwI4AeQTMqgHEgOF-WsvAKhHCLLQgwKiUMtZ-X6gjl_o0C2llQ","Image result for birthday cat","448 × 308 - 2happybirthday.com","448; 308; -2","{""cl"":3,""cr"":9,""id"":""elJMlhUfk_OxKM:"",""isu"":""2happybirthday.com"",""ity"":""jpg"",""oh"":308,""ow"":448,""pt"":""Witty Cat Happy Birthday Meme - 2HappyBirthday"",""rid"":""IGCeeNdTdMUcjM"",""s"":""cat-happy-birthday-wish-meme"",""th"":186,""tu"":""https://encrypted-tbn0.gstatic.com/images?q\u003dtbn:ANd9GcQ-QwI4AeQTMqgHEgOF-WsvAKhHCLLQgwKiUMtZ-X6gjl_o0C2llQ"",""tw"":271}",""
"/imgres?imgurl=http://meowgifs.com/wp-content/uploads/2014/08/birthday-cat-not-happy.gif&imgrefurl=http://meowgifs.com/2728&h=374&w=499&tbnid=NwQGqrEhTczMQM:&docid=fmaU9Vq0llknfM&ei=NvOhVq3GEcyZmQG7qYSgBg&tbm=isch","499 × 374 - meowgifs.com","","499; 374","https://encrypted-tbn2.gstatic.com/images?q=tbn:ANd9GcS3ifOtR6LlBw9FzHOqquVFLM21dvJ4kjy-Zge8h9sRrgm5Qjqh","Image result for birthday cat","499 × 374 - meowgifs.com","499; 374","{""cl"":9,""cr"":6,""ct"":3,""id"":""NwQGqrEhTczMQM:"",""isu"":""meowgifs.com"",""ity"":""gif"",""oh"":374,""ow"":499,""pt"":""Birthday cat is not impressed - Meow Gifs"",""rid"":""fmaU9Vq0llknfM"",""s"":""Birthday cat is not impressed"",""th"":194,""tu"":""https://encrypted-tbn2.gstatic.com/images?q\u003dtbn:ANd9GcS3ifOtR6LlBw9FzHOqquVFLM21dvJ4kjy-Zge8h9sRrgm5Qjqh"",""tw"":259}",""
"/imgres?imgurl=https://s-media-cache-ak0.pinimg.com/236x/53/a7/f1/53a7f108dcf90a1143f09a046eaff309.jpg&imgrefurl=https://www.pinterest.com/explore/happy-birthday-cats/&h=342&w=236&tbnid=Plg6vod9yzpJoM:&docid=HeUPvuAJuApLWM&itg=1&ei=NvOhVq3GEcyZmQG7qYSgBg&tbm=isch","236 × 342 - pinterest.com","","236; 342","https://encrypted-tbn2.gstatic.com/images?q=tbn:ANd9GcSFxq5p9nPHzhiA_PXIAOBPeQR5bH5olEBzWqfo0YkrPiXwj9XuxA","Image result for birthday cat","236 × 342 - pinterest.com","236; 342","{""cl"":3,""ct"":3,""id"":""Plg6vod9yzpJoM:"",""isu"":""pinterest.com"",""ity"":""jpg"",""oh"":342,""ow"":236,""pt"":""Happy Birthday Cats on Pinterest | Birthday Cats, Happy Birthday ..."",""rid"":""HeUPvuAJuApLWM"",""s"":""Happy Birthday Cats Card:))))"",""sc"":1,""th"":270,""tu"":""https://encrypted-tbn2.gstatic.com/images?q\u003dtbn:ANd9GcSFxq5p9nPHzhiA_PXIAOBPeQR5bH5olEBzWqfo0YkrPiXwj9XuxA"",""tw"":186}",""
"/imgres?imgurl=http://www.makeuptalk.com/content/type/61/id/184723/&imgrefurl=http://animal-pictures-blog.blogspot.com/2015/12/cute-cat-pictures-birthday.html&h=607&w=425&tbnid=EEd3pAOWnRX4YM:&docid=1GXhltZqkUVz3M&ei=NvOhVq3GEcyZmQG7qYSgBg&tbm=isch","425 × 607 - animal-pictures-blog.blogspot.com","","425; 607","https://encrypted-tbn3.gstatic.com/images?q=tbn:ANd9GcQlSh6OEfb8x3xbaIMQ78TnEibIHIy5eicuvpmnpLSlTMUPbzTH","Image result for birthday cat","425 × 607 - animal-pictures-blog.blogspot.com","425; 607","{""cb"":3,""id"":""EEd3pAOWnRX4YM:"",""isu"":""animal-pictures-blog.blogspot.com"",""ity"":"""",""oh"":607,""ow"":425,""pt"":""Animal pictures blog: Cute cat pictures birthday"",""rid"":""1GXhltZqkUVz3M"",""s"":""Cute cat pictures birthday"",""th"":268,""tu"":""https://encrypted-tbn3.gstatic.com/images?q\u003dtbn:ANd9GcQlSh6OEfb8x3xbaIMQ78TnEibIHIy5eicuvpmnpLSlTMUPbzTH"",""tw"":188}",""
"/imgres?imgurl=https://img1.etsystatic.com/041/1/6718624/il_214x170.642743873_ae26.jpg&imgrefurl=https://www.etsy.com/market/cat_birthday_card&h=170&w=214&tbnid=yoALm4w5ac8l7M:&docid=rXT3MFErqZOj_M&ei=NvOhVq3GEcyZmQG7qYSgBg&tbm=isch","214 × 170 - etsy.com","","214; 170","https://encrypted-tbn3.gstatic.com/images?q=tbn:ANd9GcTgFHipHaxZ24xMYbduYyWummt4vSKno5lAmmlvr4rYj2B3sh20","Image result for birthday cat","214 × 170 - etsy.com","214; 170","{""cb"":3,""id"":""yoALm4w5ac8l7M:"",""isu"":""etsy.com"",""ity"":""jpg"",""oh"":170,""ow"":214,""pt"":""Popular items for cat birthday card on Etsy"",""rid"":""rXT3MFErqZOj_M"",""s"":""Black Cat Birthday Card - Happy Birthday - Birthday Card - Cat Birthday Card - Black"",""th"":136,""tu"":""https://encrypted-tbn3.gstatic.com/images?q\u003dtbn:ANd9GcTgFHipHaxZ24xMYbduYyWummt4vSKno5lAmmlvr4rYj2B3sh20"",""tw"":171}",""
"/imgres?imgurl=https://s.yimg.com/ny/api/res/1.2/GvLxpx3te9rpGGOyNLSj0w--/YXBwaWQ9aGlnaGxhbmRlcjtzbT0xO3c9NTAwO2g9NzUwO2lsPXBsYW5l/http://magazines.zenfs.com/resizer/2.0/FIT_TO_WIDTH-w500/acb2eaeab5294f7216c703e8418507c9bbc6f06d.jpg&imgrefurl=https://www.yahoo.com/food/rainbow-cat-birthday-cake-103144211221.html&h=750&w=500&tbnid=FpF54w6EasoKPM:&docid=1gbj0SJ32E_O7M&ei=NvOhVq3GEcyZmQG7qYSgBg&tbm=isch","500 × 750 - yahoo.com","","500; 750","https://encrypted-tbn1.gstatic.com/images?q=tbn:ANd9GcRpfbdUVEUhsKDTxVrJ9DcemHkFtjdfHrTMsDcDYSghkkCTgDg","Image result for birthday cat","500 × 750 - yahoo.com","500; 750","{""cb"":12,""id"":""FpF54w6EasoKPM:"",""isu"":""yahoo.com"",""ity"":""jpg"",""oh"":750,""ow"":500,""pt"":""acb2eaeab5294f7216c703e8418507c9bbc6f06d.jpg"",""rid"":""1gbj0SJ32E_O7M"",""s"":""Rainbow Cat Birthday Cake"",""th"":275,""tu"":""https://encrypted-tbn1.gstatic.com/images?q\u003dtbn:ANd9GcRpfbdUVEUhsKDTxVrJ9DcemHkFtjdfHrTMsDcDYSghkkCTgDg"",""tw"":183}",""
"/imgres?imgurl=http://rlv.zcache.com/cat_wearing_birthday_hat_blowing_out_candles_on_postcard-rb1d0c666934f442aa6d16ff0bfa6044c_vgbaq_8byvr_1024.jpg&imgrefurl=http://www.zazzle.com/birthday%2Bcat%2Bpostcards&h=1104&w=1104&tbnid=E3HqMHjfrSgttM:&docid=6XalOwY7r7bkwM&ei=NvOhVq3GEcyZmQG7qYSgBg&tbm=isch","1104 × 1104 - zazzle.com","","1104; 1104","https://encrypted-tbn2.gstatic.com/images?q=tbn:ANd9GcTUJm8CVDYXxpPksLFtO0HZeBIlmciJULcwPlHIBQX6vrfjVlCt","Image result for birthday cat","1104 × 1104 - zazzle.com","1104; 1104","{""ct"":15,""id"":""E3HqMHjfrSgttM:"",""isu"":""zazzle.com"",""ity"":""jpg"",""oh"":1104,""ow"":1104,""pt"":""Birthday Cat Postcards | Zazzle"",""rid"":""6XalOwY7r7bkwM"",""s"":""Cat wearing birthday hat blowing out candles on postcard"",""sc"":1,""th"":225,""tu"":""https://encrypted-tbn2.gstatic.com/images?q\u003dtbn:ANd9GcTUJm8CVDYXxpPksLFtO0HZeBIlmciJULcwPlHIBQX6vrfjVlCt"",""tw"":225}",""
"/imgres?imgurl=http://www.chroniclebooks.com/blog/wp-content/uploads/GrumpyCatBirthday-680x450.jpg&imgrefurl=http://www.chroniclebooks.com/blog/2015/04/02/birthday-grumpings-giveaway/&h=450&w=680&tbnid=4qzZeyJWqryyPM:&docid=eejrmyir6FxThM&ei=NvOhVq3GEcyZmQG7qYSgBg&tbm=isch","680 × 450 - chroniclebooks.com","","680; 450","https://encrypted-tbn1.gstatic.com/images?q=tbn:ANd9GcRo_VCxIz9gxV1YFy2blcvU_m5zSRY54I07Gtdpshic_99w6wyqCA","Image result for birthday cat","680 × 450 - chroniclebooks.com","680; 450","{""cr"":3,""ct"":3,""id"":""4qzZeyJWqryyPM:"",""isu"":""chroniclebooks.com"",""ity"":""jpg"",""oh"":450,""ow"":680,""pt"":""Birthday Grumpings Giveaway | Chronicle Books Blog"",""rid"":""eejrmyir6FxThM"",""s"":""Birthday Grumpings Giveaway April 2, 2015News91 Comments Albee Dalbotten"",""th"":183,""tu"":""https://encrypted-tbn1.gstatic.com/images?q\u003dtbn:ANd9GcRo_VCxIz9gxV1YFy2blcvU_m5zSRY54I07Gtdpshic_99w6wyqCA"",""tw"":276}",""
"/imgres?imgurl=http://rlv.zcache.com/happy_birthday_grumpy_cat_greeting_card-r8d3604a9af064135b06128242809aaa0_xvuat_8byvr_1024.jpg&imgrefurl=http://www.zazzle.com/cat%2Bbirthday%2Bcards&h=1104&w=1104&tbnid=SCclxAnzDEppWM:&docid=iS2BNzNVkaOr7M&ei=NvOhVq3GEcyZmQG7qYSgBg&tbm=isch","1104 × 1104 - zazzle.com","","1104; 1104","https://encrypted-tbn1.gstatic.com/images?q=tbn:ANd9GcQAse2SuYGi6cBg77JnWZRMv0muDjNo--PfNcc1_COEhZKKfPbp","Image result for birthday cat","1104 × 1104 - zazzle.com","1104; 1104","{""ct"":3,""id"":""SCclxAnzDEppWM:"",""isu"":""zazzle.com"",""ity"":""jpg"",""oh"":1104,""ow"":1104,""pt"":""Cat Birthday Cards | Zazzle"",""rid"":""iS2BNzNVkaOr7M"",""s"":""Happy Birthday Grumpy Cat Greeting Card"",""sc"":1,""th"":225,""tu"":""https://encrypted-tbn1.gstatic.com/images?q\u003dtbn:ANd9GcQAse2SuYGi6cBg77JnWZRMv0muDjNo--PfNcc1_COEhZKKfPbp"",""tw"":225}",""
"/imgres?imgurl=https://ak.imgag.com/imgag/product/thumbs/3121626b.gif&imgrefurl=http://www.americangreetings.com/ecards/happy-birthday/singing-birthday-cats/pn/3121626&h=120&w=160&tbnid=sgMSBzUcmd8NxM:&docid=InmWQ8rf4uqdDM&ei=NvOhVq3GEcyZmQG7qYSgBg&tbm=isch","160 × 120 - americangreetings.com","","160; 120","https://encrypted-tbn2.gstatic.com/images?q=tbn:ANd9GcShp5_aVA9BljZCga9DCAaPQdutb3YGrHp4Vv6bCIqNnPIVBLe8","Image result for birthday cat","160 × 120 - americangreetings.com","160; 120","{""id"":""sgMSBzUcmd8NxM:"",""isu"":""americangreetings.com"",""ity"":""gif"",""oh"":120,""ow"":160,""pt"":""Singing Birthday Cats - Happy Birthday Ecard | American Greetings"",""rid"":""InmWQ8rf4uqdDM"",""s"":"""",""th"":96,""tu"":""https://encrypted-tbn2.gstatic.com/images?q\u003dtbn:ANd9GcShp5_aVA9BljZCga9DCAaPQdutb3YGrHp4Vv6bCIqNnPIVBLe8"",""tw"":128}",""
"/imgres?imgurl=http://www.dumpaday.com/wp-content/uploads/2014/04/the-funny-cat-birthday.jpg&imgrefurl=http://icanhas.cheezburger.com/lolcats/tag/birthday&h=579&w=620&tbnid=nnXsJFG0CtAoNM:&docid=Rvv_jLScUTVd3M&ei=NvOhVq3GEcyZmQG7qYSgBg&tbm=isch","620 × 579 - icanhas.cheezburger.com","","620; 579","https://encrypted-tbn0.gstatic.com/images?q=tbn:ANd9GcQmNcts760Ixqyb_GVxmIs43g3raSIfypQMD39LvSFGqtBtrzLQmg","Image result for birthday cat","620 × 579 - icanhas.cheezburger.com","620; 579","{""id"":""nnXsJFG0CtAoNM:"",""isu"":""icanhas.cheezburger.com"",""ity"":""jpg"",""oh"":579,""ow"":620,""pt"":""Lolcats - birthday - Lolcats n\u0026#39; Funny Cat Pictures - funny cat ..."",""rid"":""Rvv_jLScUTVd3M"",""s"":""Via: Dump a Day"",""th"":217,""tu"":""https://encrypted-tbn0.gstatic.com/images?q\u003dtbn:ANd9GcQmNcts760Ixqyb_GVxmIs43g3raSIfypQMD39LvSFGqtBtrzLQmg"",""tw"":232}",""
"/imgres?imgurl=http://www.goodpaper.com/images/22-048.jpg&imgrefurl=http://www.goodpaper.com/lady-birthday-p-525.html&h=500&w=400&tbnid=XerFKTUKe2XXrM:&docid=mI5o12KkBcmWNM&ei=NvOhVq3GEcyZmQG7qYSgBg&tbm=isch","400 × 500 - goodpaper.com","","400; 500","https://encrypted-tbn1.gstatic.com/images?q=tbn:ANd9GcRYIZnYH_aStAOTb42egqu--cRpUrXrpTM9McrHUtXaKjJTx8id","Image result for birthday cat","400 × 500 - goodpaper.com","400; 500","{""cb"":12,""cl"":21,""cr"":6,""id"":""XerFKTUKe2XXrM:"",""isu"":""goodpaper.com"",""ity"":""jpg"",""oh"":500,""ow"":400,""pt"":""Good Paper : Cat Lady Birthday [22-048] - $5.99"",""rid"":""mI5o12KkBcmWNM"",""s"":""Cat Lady Birthday"",""th"":251,""tu"":""https://encrypted-tbn1.gstatic.com/images?q\u003dtbn:ANd9GcRYIZnYH_aStAOTb42egqu--cRpUrXrpTM9McrHUtXaKjJTx8id"",""tw"":201}","-5.99"
"/imgres?imgurl=http://www.afunnyjoy.in/wp-content/uploads/2015/07/Cute-Cat-Happy-Birthday-Pictures.jpg&imgrefurl=http://www.afunnyjoy.in/tag/cute-cat-happy-birthday-pictures/&h=1531&w=2296&tbnid=y5iQR6lR7ucdaM:&docid=2pJCAoqi8nPhQM&ei=NvOhVq3GEcyZmQG7qYSgBg&tbm=isch","2296 × 1531 - afunnyjoy.in","","2296; 1531","https://encrypted-tbn0.gstatic.com/images?q=tbn:ANd9GcSJ8eyaAcvdNdGKbt4VHDhdTGwgbCcEl6BgteF4B9mC9hV42mfhbg","Image result for birthday cat","2296 × 1531 - afunnyjoy.in","2296; 1531","{""cr"":6,""id"":""y5iQR6lR7ucdaM:"",""isu"":""afunnyjoy.in"",""ity"":""jpg"",""oh"":1531,""ow"":2296,""pt"":""Cute Cat Happy Birthday Pictures | Funny Pictures, Funny Jokes ..."",""rid"":""2pJCAoqi8nPhQM"",""s"":""Cute Cat Happy Birthday Pictures"",""th"":183,""tu"":""https://encrypted-tbn0.gstatic.com/images?q\u003dtbn:ANd9GcSJ8eyaAcvdNdGKbt4VHDhdTGwgbCcEl6BgteF4B9mC9hV42mfhbg"",""tw"":275}",""
"/imgres?imgurl=http://cdn.powerball4life.co/2015/11/16/happy-birthday-cat-design-for-a-birthday-card-by-wedgienet-net.jpg&imgrefurl=http://www.powerball4life.co/00316bf8d34790d6.html&h=500&w=425&tbnid=FicebddPXKCCpM:&docid=nEwnlAxdScn_TM&ei=NvOhVq3GEcyZmQG7qYSgBg&tbm=isch","425 × 500 - powerball4life.co","","425; 500","https://encrypted-tbn2.gstatic.com/images?q=tbn:ANd9GcQw-SaTbGYl57r98N0a_5Ge5YkVJfLws0U2ky23RohjLHNDtdal","Image result for birthday cat","425 × 500 - powerball4life.co","425; 500","{""cb"":3,""cl"":3,""id"":""FicebddPXKCCpM:"",""isu"":""powerball4life.co"",""ity"":""jpg"",""oh"":500,""ow"":425,""pt"":""Happy Birthday Cat Design For A Birthday Card By Wedgienet Net ..."",""rid"":""nEwnlAxdScn_TM"",""s"":""Happy Birthday Cat Design For A Birthday Card By Wedgienet Net"",""sc"":1,""th"":244,""tu"":""https://encrypted-tbn2.gstatic.com/images?q\u003dtbn:ANd9GcQw-SaTbGYl57r98N0a_5Ge5YkVJfLws0U2ky23RohjLHNDtdal"",""tw"":207}",""
"/imgres?imgurl=https://s-media-cache-ak0.pinimg.com/236x/e1/86/c1/e186c11b54fef92ed929994120be9a0b.jpg&imgrefurl=https://www.pinterest.com/explore/happy-birthday-cats/&h=286&w=236&tbnid=9Me6yCYgfQIULM:&docid=HeUPvuAJuApLWM&itg=1&ei=NvOhVq3GEcyZmQG7qYSgBg&tbm=isch","236 × 286 - pinterest.com","","236; 286","https://encrypted-tbn2.gstatic.com/images?q=tbn:ANd9GcTWofu6KfrCm5yo0PqckgQUhyRVur6jTCbUzOit_k-MwyZyRDfUTQ","Image result for birthday cat","236 × 286 - pinterest.com","236; 286","{""cl"":6,""id"":""9Me6yCYgfQIULM:"",""isu"":""pinterest.com"",""ity"":""jpg"",""oh"":286,""ow"":236,""pt"":""Happy Birthday Cats on Pinterest | Birthday Cats, Happy Birthday ..."",""rid"":""HeUPvuAJuApLWM"",""s"":""For my \u0026quot;grumpy\u0026quot; birthday friends"",""th"":228,""tu"":""https://encrypted-tbn2.gstatic.com/images?q\u003dtbn:ANd9GcTWofu6KfrCm5yo0PqckgQUhyRVur6jTCbUzOit_k-MwyZyRDfUTQ"",""tw"":188}",""
"/imgres?imgurl=http://i.123g.us/c/birth_happybirthday/card/304222.jpg&imgrefurl=http://www.123greetings.com/birthday/happy_birthday/happy_birthday_cat1.html&h=413&w=550&tbnid=cfbuvmcvZYyc6M:&docid=RUZDvEGd3bab0M&ei=NvOhVq3GEcyZmQG7qYSgBg&tbm=isch","550 × 413 - 123greetings.com","","550; 413; -123","https://encrypted-tbn2.gstatic.com/images?q=tbn:ANd9GcRbbnrUx41nAQit_XdeoaeoSJ_Z1YAyVluHFTAgZ-z2Y87xO_tX0Q","Image result for birthday cat","550 × 413 - 123greetings.com","550; 413; -123","{""cl"":6,""cr"":9,""id"":""cfbuvmcvZYyc6M:"",""isu"":""123greetings.com"",""ity"":""jpg"",""oh"":413,""ow"":550,""pt"":""Happy Birthday Cat. Free Happy Birthday eCards, Greeting Cards ..."",""rid"":""RUZDvEGd3bab0M"",""s"":""Happy Birthday Cat."",""th"":194,""tu"":""https://encrypted-tbn2.gstatic.com/images?q\u003dtbn:ANd9GcRbbnrUx41nAQit_XdeoaeoSJ_Z1YAyVluHFTAgZ-z2Y87xO_tX0Q"",""tw"":259}",""
"/imgres?imgurl=http://localadventurer.com/wp-content/uploads/2014/08/IMG_0602x.jpg&imgrefurl=http://localadventurer.com/happy-birthday-to-us-a-cat-birthday/&h=1092&w=728&tbnid=eyuBN-YrJrY7gM:&docid=s5OJXmG10GSKHM&ei=NvOhVq3GEcyZmQG7qYSgBg&tbm=isch","728 × 1092 - localadventurer.com","","728; 1092","https://encrypted-tbn1.gstatic.com/images?q=tbn:ANd9GcQJywK7vSuaLipW6guCPL4i3ZQi_dEzg24mQO1nuvfaalSK00S0PA","Image result for birthday cat","728 × 1092 - localadventurer.com","728; 1092","{""id"":""eyuBN-YrJrY7gM:"",""isu"":""localadventurer.com"",""ity"":""jpg"",""oh"":1092,""ow"":728,""pt"":""Happy Birthday to Us - A Cat Birthday Celebration!"",""rid"":""s5OJXmG10GSKHM"",""s"":""A Cat Birthday Celebration!"",""th"":275,""tu"":""https://encrypted-tbn1.gstatic.com/images?q\u003dtbn:ANd9GcQJywK7vSuaLipW6guCPL4i3ZQi_dEzg24mQO1nuvfaalSK00S0PA"",""tw"":183}",""
"/imgres?imgurl=http://i.123g.us/c/birth_fun/card/314960.gif&imgrefurl=http://www.123greetings.com/birthday/birthday_fun/cats_birthday_boogie.html&h=500&w=550&tbnid=rsnyEjjkgTLkDM:&docid=c9mwPJM67t2_AM&ei=NvOhVq3GEcyZmQG7qYSgBg&tbm=isch","550 × 500 - 123greetings.com","","550; 500; -123","https://encrypted-tbn2.gstatic.com/images?q=tbn:ANd9GcSJGsjbFZKHSwaMm4pXJ7OnpZ-z38KMrqahleSnFRSvi1e9g4MU","Image result for birthday cat","550 × 500 - 123greetings.com","550; 500; -123","{""cb"":9,""cl"":3,""cr"":3,""ct"":15,""id"":""rsnyEjjkgTLkDM:"",""isu"":""123greetings.com"",""ity"":""gif"",""oh"":500,""ow"":550,""pt"":""Cats Birthday Boogie! Free Fun eCards, Greeting Cards | 123 Greetings"",""rid"":""c9mwPJM67t2_AM"",""s"":""Cats Birthday Boogie!"",""th"":214,""tu"":""https://encrypted-tbn2.gstatic.com/images?q\u003dtbn:ANd9GcSJGsjbFZKHSwaMm4pXJ7OnpZ-z38KMrqahleSnFRSvi1e9g4MU"",""tw"":235}",""
"/imgres?imgurl=http://www.teneues.com/shop-us/images/product_images/popup_images/60848_2.jpg&imgrefurl=http://www.teneues.com/shop-us/Stationery/GreenGift-Notes/Birthday-Cats.html&h=600&w=564&tbnid=5yzpGtrutZhgQM:&docid=QyXs7v8RfIgtUM&ei=NvOhVq3GEcyZmQG7qYSgBg&tbm=isch","564 × 600 - teneues.com","","564; 600","https://encrypted-tbn1.gstatic.com/images?q=tbn:ANd9GcR0LhZv1sXjHX0V7FF9ek2jOYepOf1LA1IqilKs0ks3XsY2P_1yag","Image result for birthday cat","564 × 600 - teneues.com","564; 600","{""id"":""5yzpGtrutZhgQM:"",""isu"":""teneues.com"",""ity"":""jpg"",""oh"":600,""ow"":564,""pt"":""Gemma Correll - Birthday Cats by teNeues.com"",""rid"":""QyXs7v8RfIgtUM"",""s"":""Birthday Cats \u0026middot; Birthday Cats"",""sc"":1,""th"":232,""tu"":""https://encrypted-tbn1.gstatic.com/images?q\u003dtbn:ANd9GcR0LhZv1sXjHX0V7FF9ek2jOYepOf1LA1IqilKs0ks3XsY2P_1yag"",""tw"":218}",""
"/imgres?imgurl=http://www.jedicraftgirl.com/wp-content/uploads/2015/07/birthday-cat-cupcake-applique-day-sail-2.jpg&imgrefurl=http://www.jedicraftgirl.com/2015/07/birthday-cat-cake-towel-tutorial.html&h=4000&w=6016&tbnid=yzsHzjj68rwHsM:&docid=dhJJ4I6hCZ25zM&ei=NvOhVq3GEcyZmQG7qYSgBg&tbm=isch","6016 × 4000 - jedicraftgirl.com","","6016; 4000","https://encrypted-tbn3.gstatic.com/images?q=tbn:ANd9GcRIFsSqexP6vVLgYD7SEW9pScNsSjF03zEheGyECWhE16GbrThI","Image result for birthday cat","6016 × 4000 - jedicraftgirl.com","6016; 4000","{""cr"":3,""id"":""yzsHzjj68rwHsM:"",""isu"":""jedicraftgirl.com"",""ity"":""jpg"",""oh"":4000,""ow"":6016,""pt"":""birthday-cat-cupcake-applique-day-sail-2.jpg"",""rid"":""dhJJ4I6hCZ25zM"",""s"":""If you don\u0026#39;t have a July birthday, make this to celebrate our Nation\u0026#39;s Birthday!!! birthday cat ..."",""th"":183,""tu"":""https://encrypted-tbn3.gstatic.com/images?q\u003dtbn:ANd9GcRIFsSqexP6vVLgYD7SEW9pScNsSjF03zEheGyECWhE16GbrThI"",""tw"":275}",""
"/imgres?imgurl=https://i.ytimg.com/vi/2IWrVCxrna4/hqdefault.jpg&imgrefurl=https://www.youtube.com/watch?v%3D2IWrVCxrna4&h=360&w=480&tbnid=sZCGvVdiqt_LkM:&docid=IwPIcm4ujiwKcM&ei=NvOhVq3GEcyZmQG7qYSgBg&tbm=isch","480 × 360 - youtube.com","","480; 360","https://encrypted-tbn2.gstatic.com/images?q=tbn:ANd9GcQKPBpvhr1HlSYl2Aa60vEfe9jFHZZvAvHNEWrdRHuSgmDQyN_a","Image result for birthday cat","480 × 360 - youtube.com","480; 360","{""cb"":9,""ct"":3,""id"":""sZCGvVdiqt_LkM:"",""isu"":""youtube.com"",""ity"":""jpg"",""oh"":360,""ow"":480,""pt"":""Cat singing happy birthday - YouTube"",""rid"":""IwPIcm4ujiwKcM"",""s"":""Cat singing happy birthday"",""th"":194,""tu"":""https://encrypted-tbn2.gstatic.com/images?q\u003dtbn:ANd9GcQKPBpvhr1HlSYl2Aa60vEfe9jFHZZvAvHNEWrdRHuSgmDQyN_a"",""tw"":259}",""
"/imgres?imgurl=http://41.media.tumblr.com/tumblr_m1i5h8Gg111qzw64ho1_1280.jpg&imgrefurl=http://stuffaboutminneapolis.tumblr.com/post/19959192347/jaime-carreras-cat-henri-recently-celebrated-his&h=960&w=720&tbnid=a6WNgpr-gjr_4M:&docid=UY3pYEmbPs3OuM&ei=NvOhVq3GEcyZmQG7qYSgBg&tbm=isch","720 × 960 - stuffaboutminneapolis.tumblr.com","","720; 960","https://encrypted-tbn1.gstatic.com/images?q=tbn:ANd9GcQqpRA7hmqVxEvl0F43trULF71qtO8uGjQjfyxrMH4AZRNMiT5q","Image result for birthday cat","720 × 960 - stuffaboutminneapolis.tumblr.com","720; 960","{""cb"":6,""id"":""a6WNgpr-gjr_4M:"",""isu"":""stuffaboutminneapolis.tumblr.com"",""ity"":""jpg"",""oh"":960,""ow"":720,""pt"":""Stuff about Minneapolis"",""rid"":""UY3pYEmbPs3OuM"",""s"":""Jaime Carrera\u0026amp;rsquo;s cat Henri recently celebrated his third birthday in Minneapolis."",""th"":259,""tu"":""https://encrypted-tbn1.gstatic.com/images?q\u003dtbn:ANd9GcQqpRA7hmqVxEvl0F43trULF71qtO8uGjQjfyxrMH4AZRNMiT5q"",""tw"":194}",""
"/imgres?imgurl=https://s-media-cache-ak0.pinimg.com/236x/b0/2a/cf/b02acfb0cc9f619d25509bcbac70ddcc.jpg&imgrefurl=https://www.pinterest.com/explore/happy-birthday-cats/&h=236&w=236&tbnid=4ZVvdxGsTUHTDM:&docid=HeUPvuAJuApLWM&itg=1&ei=NvOhVq3GEcyZmQG7qYSgBg&tbm=isch","236 × 236 - pinterest.com","","236; 236","https://encrypted-tbn3.gstatic.com/images?q=tbn:ANd9GcRgId9spfVJdhI4WR6WVVfK9Dpu47tLCMCHl-tqmgjWOZZbXtwiDg","Image result for birthday cat","236 × 236 - pinterest.com","236; 236","{""cl"":3,""id"":""4ZVvdxGsTUHTDM:"",""isu"":""pinterest.com"",""ity"":""jpg"",""oh"":236,""ow"":236,""pt"":""Happy Birthday Cats on Pinterest | Birthday Cats, Happy Birthday ..."",""rid"":""HeUPvuAJuApLWM"",""s"":""Happy Birthday Cat by Stardust-Splendor"",""sc"":1,""th"":188,""tu"":""https://encrypted-tbn3.gstatic.com/images?q\u003dtbn:ANd9GcRgId9spfVJdhI4WR6WVVfK9Dpu47tLCMCHl-tqmgjWOZZbXtwiDg"",""tw"":188}",""
"/imgres?imgurl=http://rlv.zcache.com/happy_birthday_cat_greeting_card-r8f1ca00a17e44dfc95189270a311476f_xvuat_8byvr_324.jpg&imgrefurl=http://www.zazzle.com/happy%2Bbirthday%2Bcat%2Bgifts&h=324&w=324&tbnid=EHrCbSKAWGup_M:&docid=Izv2z5B7-HW8-M&ei=NvOhVq3GEcyZmQG7qYSgBg&tbm=isch","324 × 324 - zazzle.com","","324; 324","https://encrypted-tbn2.gstatic.com/images?q=tbn:ANd9GcQ3NSDWSPxnGfXHM4YldVm40yG6isjgBRRK2z0of_sR1xrZFNe3","Image result for birthday cat","324 × 324 - zazzle.com","324; 324","{""cb"":3,""cl"":15,""cr"":15,""id"":""EHrCbSKAWGup_M:"",""isu"":""zazzle.com"",""ity"":""jpg"",""oh"":324,""ow"":324,""pt"":""Happy Birthday Cat Gifts - Happy Birthday Cat Gift Ideas on Zazzle"",""rid"":""Izv2z5B7-HW8-M"",""s"":""Happy Birthday Cat Greeting Card"",""sc"":1,""th"":225,""tu"":""https://encrypted-tbn2.gstatic.com/images?q\u003dtbn:ANd9GcQ3NSDWSPxnGfXHM4YldVm40yG6isjgBRRK2z0of_sR1xrZFNe3"",""tw"":225}",""